model,original_language,target_language,transfer_score,transfer_margin,overall_score,overall_margin
FuxiTranyu-8B-DPO,de,en,0.29112081513828236,0.38295134778908874,0.06944444444444445,0.12455982998467369
FuxiTranyu-8B-DPO,de,es,0.26491994177583694,0.3720021988717347,0.06319444444444444,0.11922086776996949
FuxiTranyu-8B-DPO,de,fr,0.2375545851528384,0.3587624227421314,0.056666666666666664,0.11328816007310565
FuxiTranyu-8B-DPO,de,hi,0.16470160116448324,0.31267315512703403,0.039288194444444445,0.09519534205452843
FuxiTranyu-8B-DPO,de,id,0.10434081929715117,0.25770293997392496,0.024889632936507936,0.07633509184794596
FuxiTranyu-8B-DPO,de,it,0.08151382823871907,0.23066028114369014,0.019444444444444445,0.06765843868859914
FuxiTranyu-8B-DPO,de,ja,0.32663755458515287,0.3953469242803402,0.07791666666666666,0.1313373859732348
FuxiTranyu-8B-DPO,de,zh,0.4573302728324562,0.4199558483793882,0.10909232549857549,0.1527571508515013
FuxiTranyu-8B-DPO,en,de,0.4529971552424817,0.2282809663943931,0.1786338141025641,0.12021704068760354
FuxiTranyu-8B-DPO,en,es,0.5176515268800557,0.22915343743644942,0.2041294642857143,0.12649980289155752
FuxiTranyu-8B-DPO,en,fr,0.4311760588819652,0.22711374851545368,0.1700289351851852,0.11789860893640723
FuxiTranyu-8B-DPO,en,hi,0.25457846730073624,0.1997740036076162,0.10038986354775828,0.09431654636313314
FuxiTranyu-8B-DPO,en,id,0.4088153616905987,0.2254510935151108,0.1612112713675214,0.1154090276398113
FuxiTranyu-8B-DPO,en,it,0.5110356917082736,0.22924051145506077,0.2015205916768417,0.1258946754825534
FuxiTranyu-8B-DPO,en,ja,0.47070738346815283,0.2289025315495576,0.18561762311762312,0.12202240334555349
FuxiTranyu-8B-DPO,en,zh,0.6424937535747614,0.21978773051055028,0.2533594491927826,0.1365023496962687
FuxiTranyu-8B-DPO,es,de,0.5496787075694318,0.27890399675642447,0.1609364370748299,0.1273203207347909
FuxiTranyu-8B-DPO,es,en,0.6880795062624796,0.2597049969590444,0.2014578018707483,0.13896776818391088
FuxiTranyu-8B-DPO,es,fr,0.5996956495431717,0.27466267393067423,0.17558053429705217,0.13182124338906784
FuxiTranyu-8B-DPO,es,hi,0.4280329158346947,0.2773723344521491,0.12532064909297053,0.11471200130183437
FuxiTranyu-8B-DPO,es,id,0.7070490712167966,0.2551298403521571,0.20701176303854874,0.14037959543456877
FuxiTranyu-8B-DPO,es,it,0.6662878925394808,0.2643357981363111,0.19507759353741497,0.13729471031791846
FuxiTranyu-8B-DPO,es,ja,0.32482846251588304,0.2625264952963613,0.09510416666666666,0.1016417580762635
FuxiTranyu-8B-DPO,es,zh,0.578860652265989,0.27678271463973947,0.16948040674603176,0.12998935594349434
FuxiTranyu-8B-DPO,fr,de,0.32864494717163445,0.2972510183138358,0.09407046657046658,0.12198617354713476
FuxiTranyu-8B-DPO,fr,en,0.6037649689246978,0.30952385832655893,0.17282009905963258,0.15799155083072614
FuxiTranyu-8B-DPO,fr,es,0.581232438345363,0.3122088280423144,0.16637044668294668,0.15561856032659616
FuxiTranyu-8B-DPO,fr,hi,0.32529670006511646,0.2964694763919387,0.0931120731120731,0.12142736165175907
FuxiTranyu-8B-DPO,fr,id,0.5244086208356169,0.3160353320657924,0.15010534639322518,0.1492510447182192
FuxiTranyu-8B-DPO,fr,it,0.3942387674081543,0.30925315752025634,0.1128458694083694,0.13221451113215277
FuxiTranyu-8B-DPO,fr,ja,0.2494371530542682,0.27381538246069465,0.07139823560278105,0.1075957810923277
FuxiTranyu-8B-DPO,fr,zh,0.6367317561810008,0.30435168654510397,0.18225642566443542,0.16131945463003547
FuxiTranyu-8B-DPO,hi,de,0.3654790555068982,0.1826662680838674,0.0900721906655382,0.07013857463528196
FuxiTranyu-8B-DPO,hi,en,0.3235716664469511,0.1774599138153068,0.07974412868544152,0.0663684631483267
FuxiTranyu-8B-DPO,hi,es,0.2717919465233491,0.1687524780534907,0.06698303407470307,0.06124706506161453
FuxiTranyu-8B-DPO,hi,fr,0.3483569787306569,0.1807262595090004,0.08585246058595647,0.06863452379159213
FuxiTranyu-8B-DPO,hi,id,0.3226941549237535,0.1773340323156645,0.0795278662648247,0.06628619527393101
FuxiTranyu-8B-DPO,hi,it,0.23496647103919555,0.16082268551141837,0.05790740799113077,0.05722317639316533
FuxiTranyu-8B-DPO,hi,ja,0.400997858792783,0.18590426027223894,0.09882578782404236,0.07311350841130826
FuxiTranyu-8B-DPO,hi,zh,0.5229654703389388,0.1894591321587223,0.1288846647875084,0.0820911910408373
FuxiTranyu-8B-DPO,id,de,0.3959696036937284,0.29201086876711996,0.08512200165425972,0.09823579171602555
FuxiTranyu-8B-DPO,id,en,0.5653929867445249,0.2959799337383702,0.12154312428031594,0.11502511210052002
FuxiTranyu-8B-DPO,id,es,0.45136484117823095,0.2971285449350244,0.09703037404650308,0.10419758845304532
FuxiTranyu-8B-DPO,id,fr,0.3587918430165449,0.28639108492167215,0.0771298593879239,0.09391799472614899
FuxiTranyu-8B-DPO,id,hi,0.3037853386833765,0.2745956684803,0.0653050533695695,0.08697122472103347
FuxiTranyu-8B-DPO,id,it,0.4417793473680354,0.29651341702033734,0.09496977037299618,0.10320280013802806
FuxiTranyu-8B-DPO,id,ja,0.4679516541771256,0.2979303432628424,0.1005960586605748,0.1058851655645606
FuxiTranyu-8B-DPO,id,zh,0.5641446081379556,0.29607731061429166,0.1212747590198963,0.11491560425048788
FuxiTranyu-8B-DPO,it,de,0.43865546218487406,0.36669039847352053,0.09000000000000001,0.10415761885733216
FuxiTranyu-8B-DPO,it,en,0.642857142857143,0.354079870936659,0.13189655172413794,0.12315485962152677
FuxiTranyu-8B-DPO,it,es,0.46932773109243703,0.368785911700216,0.09629310344827587,0.10736444471772635
FuxiTranyu-8B-DPO,it,fr,0.41302521008403364,0.363848862887891,0.08474137931034482,0.1013605061222391
FuxiTranyu-8B-DPO,it,hi,0.10924369747899161,0.2305157821302949,0.022413793103448276,0.05387463044344765
FuxiTranyu-8B-DPO,it,id,0.23025210084033618,0.3110993286629057,0.04724137931034483,0.0772150256781671
FuxiTranyu-8B-DPO,it,ja,0.44537815126050423,0.36727042560025186,0.09137931034482759,0.10487315679053699
FuxiTranyu-8B-DPO,it,zh,0.5504201680672269,0.36759838668358585,0.11293103448275862,0.11519521457426478
FuxiTranyu-8B-DPO,ja,de,0.2900474767012484,0.2730284702012163,0.07552655677655679,0.10156836932725984
FuxiTranyu-8B-DPO,ja,en,0.5141870614000031,0.3007141381335484,0.1338911088911089,0.13089514384233364
FuxiTranyu-8B-DPO,ja,es,0.2037369744879626,0.2423382333173216,0.05305183946488295,0.08615386052420854
FuxiTranyu-8B-DPO,ja,fr,0.2081941269562159,0.2442881118470593,0.05421245421245421,0.08703776824546325
FuxiTranyu-8B-DPO,ja,hi,0.2521946138967415,0.26128888423874913,0.06566990701606087,0.09521267923469127
FuxiTranyu-8B-DPO,ja,id,0.19233154100302627,0.23713767283816323,0.050081935608251395,0.08383879798391816
FuxiTranyu-8B-DPO,ja,it,0.26458003634019106,0.2654024818470083,0.06889499389499389,0.09735417500667039
FuxiTranyu-8B-DPO,ja,zh,0.6167457945020808,0.29251982120665865,0.16059676434676437,0.14112863206511064
FuxiTranyu-8B-DPO,zh,de,0.29045747533986055,0.18908554669907648,0.14686873565994446,0.11726993266170874
FuxiTranyu-8B-DPO,zh,en,0.47787962519564847,0.20805225043024858,0.2416380444951874,0.1418191878392507
FuxiTranyu-8B-DPO,zh,es,0.4350973894071723,0.2064942056767376,0.22000536703833407,0.13723867418107125
FuxiTranyu-8B-DPO,zh,fr,0.33168599193084597,0.1961018484319329,0.16771578081782162,0.12377611952846569
FuxiTranyu-8B-DPO,zh,hi,0.18308513317258107,0.1610804299096076,0.09257631257631256,0.09602162778373019
FuxiTranyu-8B-DPO,zh,id,0.24524038677139715,0.17919593880785734,0.12400488400488399,0.10919036216607936
FuxiTranyu-8B-DPO,zh,it,0.3513943677740261,0.19884542164439722,0.17768124732410448,0.12663535236763135
FuxiTranyu-8B-DPO,zh,ja,0.45893667839798374,0.2075526444879147,0.23205961432191924,0.13985487379831682
