predictor,normalization,k,scope,checkpoint,n,spearman_r,spearman_p,pearson_r,pearson_p,layer
alpha_abs_diff,accuracy_majority,0,pooled,,72,0.0437,0.7157,0.0218,0.8556,layer_29
alpha_abs_diff,overall_score,0,pooled,,72,-0.0849,0.4783,-0.11,0.3575,layer_29
alpha_abs_diff,transfer_score,0,pooled,,72,-0.0792,0.5086,-0.0888,0.4582,layer_29
alpha_abs_diff,transfer_score_str,0,pooled,,72,-0.191,0.108,-0.1481,0.2143,layer_29
alpha_abs_diff,overall_score_str,0,pooled,,72,-0.0445,0.7104,-0.011,0.9268,layer_29
alpha_abs_diff,transfer_margin_str,0,pooled,,72,-0.2937,0.0123,-0.2775,0.0183,layer_29
alpha_abs_diff,overall_margin_str,0,pooled,,72,-0.1838,0.1222,-0.102,0.3937,layer_29
alpha_abs_diff,accuracy_gpt-5-mini,0,pooled,,72,0.0445,0.7103,0.0049,0.9673,layer_29
alpha_abs_diff,accuracy_meta-llama/Llama-3.3-70B-Instruct,0,pooled,,72,0.0226,0.8503,-0.0045,0.9703,layer_29
alpha_abs_diff,accuracy_zai-org/GLM-4.7-Flash,0,pooled,,72,-0.0104,0.9307,0.0193,0.8718,layer_29
alpha_signed_diff,accuracy_majority,0,pooled,,72,-0.1789,0.1326,-0.1481,0.2143,layer_29
alpha_signed_diff,overall_score,0,pooled,,72,-0.1068,0.372,-0.084,0.4828,layer_29
alpha_signed_diff,transfer_score,0,pooled,,72,-0.1272,0.2868,-0.1639,0.1689,layer_29
alpha_signed_diff,transfer_score_str,0,pooled,,72,-0.4531,0.0001,-0.4506,0.0001,layer_29
alpha_signed_diff,overall_score_str,0,pooled,,72,-0.0995,0.4057,-0.049,0.6828,layer_29
alpha_signed_diff,transfer_margin_str,0,pooled,,72,-0.2166,0.0676,-0.2545,0.031,layer_29
alpha_signed_diff,overall_margin_str,0,pooled,,72,-0.0013,0.9917,-0.0066,0.9564,layer_29
alpha_signed_diff,accuracy_gpt-5-mini,0,pooled,,72,-0.1464,0.2197,-0.1356,0.256,layer_29
alpha_signed_diff,accuracy_meta-llama/Llama-3.3-70B-Instruct,0,pooled,,72,-0.097,0.4176,-0.0535,0.6552,layer_29
alpha_signed_diff,accuracy_zai-org/GLM-4.7-Flash,0,pooled,,72,-0.2704,0.0216,-0.2126,0.073,layer_29
alpha_min,accuracy_majority,0,pooled,,72,0.1273,0.2865,0.1493,0.2106,layer_29
alpha_min,overall_score,0,pooled,,72,0.1092,0.3612,0.213,0.0724,layer_29
alpha_min,transfer_score,0,pooled,,72,0.0628,0.6002,0.0282,0.8141,layer_29
alpha_min,transfer_score_str,0,pooled,,72,0.2941,0.0122,0.283,0.016,layer_29
alpha_min,overall_score_str,0,pooled,,72,0.388,0.0008,0.4327,0.0001,layer_29
alpha_min,transfer_margin_str,0,pooled,,72,0.2707,0.0214,0.2527,0.0322,layer_29
alpha_min,overall_margin_str,0,pooled,,72,0.6561,0.0,0.586,0.0,layer_29
alpha_min,accuracy_gpt-5-mini,0,pooled,,72,0.1132,0.3436,0.1383,0.2466,layer_29
alpha_min,accuracy_meta-llama/Llama-3.3-70B-Instruct,0,pooled,,72,0.061,0.611,0.1095,0.3599,layer_29
alpha_min,accuracy_zai-org/GLM-4.7-Flash,0,pooled,,72,0.1391,0.244,0.1586,0.1832,layer_29
alpha_max,accuracy_majority,0,pooled,,72,0.0874,0.4655,0.1063,0.3743,layer_29
alpha_max,overall_score,0,pooled,,72,0.0189,0.8748,0.0238,0.8429,layer_29
alpha_max,transfer_score,0,pooled,,72,-0.0088,0.9413,-0.0641,0.5929,layer_29
alpha_max,transfer_score_str,0,pooled,,72,0.0384,0.7487,0.0298,0.8035,layer_29
alpha_max,overall_score_str,0,pooled,,72,0.2319,0.05,0.2407,0.0417,layer_29
alpha_max,transfer_margin_str,0,pooled,,72,-0.1094,0.3601,-0.1049,0.3805,layer_29
alpha_max,overall_margin_str,0,pooled,,72,0.2548,0.0308,0.2471,0.0364,layer_29
alpha_max,accuracy_gpt-5-mini,0,pooled,,72,0.0638,0.5942,0.0846,0.4799,layer_29
alpha_max,accuracy_meta-llama/Llama-3.3-70B-Instruct,0,pooled,,72,0.0866,0.4697,0.0594,0.6202,layer_29
alpha_max,accuracy_zai-org/GLM-4.7-Flash,0,pooled,,72,0.0212,0.8599,0.1094,0.3602,layer_29
alpha_norm_asym,accuracy_majority,0,pooled,,72,-0.2179,0.066,-0.2062,0.0823,layer_29
alpha_norm_asym,overall_score,0,pooled,,72,-0.0467,0.6968,-0.0367,0.7594,layer_29
alpha_norm_asym,transfer_score,0,pooled,,72,-0.0761,0.5251,-0.1416,0.2356,layer_29
alpha_norm_asym,transfer_score_str,0,pooled,,72,-0.4072,0.0004,-0.3973,0.0005,layer_29
alpha_norm_asym,overall_score_str,0,pooled,,72,-0.0817,0.4949,-0.0403,0.7367,layer_29
alpha_norm_asym,transfer_margin_str,0,pooled,,72,-0.0771,0.5199,-0.0811,0.4982,layer_29
alpha_norm_asym,overall_margin_str,0,pooled,,72,0.0779,0.5157,0.101,0.3985,layer_29
alpha_norm_asym,accuracy_gpt-5-mini,0,pooled,,72,-0.1732,0.1457,-0.1611,0.1763,layer_29
alpha_norm_asym,accuracy_meta-llama/Llama-3.3-70B-Instruct,0,pooled,,72,-0.1307,0.2737,-0.1032,0.3883,layer_29
alpha_norm_asym,accuracy_zai-org/GLM-4.7-Flash,0,pooled,,72,-0.319,0.0063,-0.2708,0.0214,layer_29
alpha_abs_ratio,accuracy_majority,0,pooled,,72,-0.097,0.4176,-0.1027,0.3904,layer_29
alpha_abs_ratio,overall_score,0,pooled,,72,-0.1652,0.1656,-0.1367,0.252,layer_29
alpha_abs_ratio,transfer_score,0,pooled,,72,-0.1327,0.2666,0.0317,0.7918,layer_29
alpha_abs_ratio,transfer_score_str,0,pooled,,72,-0.3669,0.0015,-0.2552,0.0305,layer_29
alpha_abs_ratio,overall_score_str,0,pooled,,72,-0.3012,0.0101,-0.2418,0.0407,layer_29
alpha_abs_ratio,transfer_margin_str,0,pooled,,72,-0.3978,0.0005,-0.4125,0.0003,layer_29
alpha_abs_ratio,overall_margin_str,0,pooled,,72,-0.5475,0.0,-0.4351,0.0001,layer_29
alpha_abs_ratio,accuracy_gpt-5-mini,0,pooled,,72,-0.0994,0.4061,-0.1084,0.3649,layer_29
alpha_abs_ratio,accuracy_meta-llama/Llama-3.3-70B-Instruct,0,pooled,,72,-0.0828,0.4891,-0.1594,0.1811,layer_29
alpha_abs_ratio,accuracy_zai-org/GLM-4.7-Flash,0,pooled,,72,-0.1057,0.377,-0.1102,0.3568,layer_29
alpha_signed_ratio,accuracy_majority,0,pooled,,72,-0.2179,0.066,-0.2679,0.0229,layer_29
alpha_signed_ratio,overall_score,0,pooled,,72,-0.0467,0.6968,-0.1256,0.2933,layer_29
alpha_signed_ratio,transfer_score,0,pooled,,72,-0.0761,0.5251,-0.148,0.2146,layer_29
alpha_signed_ratio,transfer_score_str,0,pooled,,72,-0.4072,0.0004,-0.4303,0.0002,layer_29
alpha_signed_ratio,overall_score_str,0,pooled,,72,-0.0817,0.4949,-0.1913,0.1074,layer_29
alpha_signed_ratio,transfer_margin_str,0,pooled,,72,-0.0771,0.5199,-0.2266,0.0556,layer_29
alpha_signed_ratio,overall_margin_str,0,pooled,,72,0.0779,0.5157,-0.137,0.2511,layer_29
alpha_signed_ratio,accuracy_gpt-5-mini,0,pooled,,72,-0.1732,0.1457,-0.1941,0.1023,layer_29
alpha_signed_ratio,accuracy_meta-llama/Llama-3.3-70B-Instruct,0,pooled,,72,-0.1307,0.2737,-0.2042,0.0853,layer_29
alpha_signed_ratio,accuracy_zai-org/GLM-4.7-Flash,0,pooled,,72,-0.319,0.0063,-0.2565,0.0297,layer_29
alpha_log_ratio,accuracy_majority,0,pooled,,72,-0.2179,0.066,-0.227,0.0552,layer_29
alpha_log_ratio,overall_score,0,pooled,,72,-0.0467,0.6968,-0.043,0.7202,layer_29
alpha_log_ratio,transfer_score,0,pooled,,72,-0.0761,0.5251,-0.1628,0.1717,layer_29
alpha_log_ratio,transfer_score_str,0,pooled,,72,-0.4072,0.0004,-0.3927,0.0006,layer_29
alpha_log_ratio,overall_score_str,0,pooled,,72,-0.0817,0.4949,-0.0501,0.6762,layer_29
alpha_log_ratio,transfer_margin_str,0,pooled,,72,-0.0771,0.5199,-0.0496,0.6792,layer_29
alpha_log_ratio,overall_margin_str,0,pooled,,72,0.0779,0.5157,0.1166,0.3296,layer_29
alpha_log_ratio,accuracy_gpt-5-mini,0,pooled,,72,-0.1732,0.1457,-0.1655,0.1647,layer_29
alpha_log_ratio,accuracy_meta-llama/Llama-3.3-70B-Instruct,0,pooled,,72,-0.1307,0.2737,-0.1153,0.335,layer_29
alpha_log_ratio,accuracy_zai-org/GLM-4.7-Flash,0,pooled,,72,-0.319,0.0063,-0.2652,0.0243,layer_29
A_abs_diff,accuracy_majority,0,pooled,,72,-0.1493,0.2106,-0.211,0.0753,layer_29
A_abs_diff,overall_score,0,pooled,,72,-0.1103,0.3564,-0.1792,0.1321,layer_29
A_abs_diff,transfer_score,0,pooled,,72,-0.0802,0.5029,-0.0865,0.4698,layer_29
A_abs_diff,transfer_score_str,0,pooled,,72,-0.3899,0.0007,-0.3588,0.002,layer_29
A_abs_diff,overall_score_str,0,pooled,,72,-0.4337,0.0001,-0.447,0.0001,layer_29
A_abs_diff,transfer_margin_str,0,pooled,,72,-0.1536,0.1976,-0.1827,0.1244,layer_29
A_abs_diff,overall_margin_str,0,pooled,,72,-0.5239,0.0,-0.4762,0.0,layer_29
A_abs_diff,accuracy_gpt-5-mini,0,pooled,,72,-0.1612,0.1763,-0.1987,0.0943,layer_29
A_abs_diff,accuracy_meta-llama/Llama-3.3-70B-Instruct,0,pooled,,72,-0.2028,0.0876,-0.1974,0.0966,layer_29
A_abs_diff,accuracy_zai-org/GLM-4.7-Flash,0,pooled,,72,-0.0508,0.6719,-0.0363,0.7619,layer_29
A_signed_diff,accuracy_majority,0,pooled,,72,-0.1022,0.3928,-0.0808,0.4997,layer_29
A_signed_diff,overall_score,0,pooled,,72,-0.0064,0.9574,0.0318,0.7911,layer_29
A_signed_diff,transfer_score,0,pooled,,72,-0.0371,0.7573,-0.0777,0.5167,layer_29
A_signed_diff,transfer_score_str,0,pooled,,72,-0.3737,0.0012,-0.3683,0.0015,layer_29
A_signed_diff,overall_score_str,0,pooled,,72,-0.1867,0.1163,-0.1371,0.2509,layer_29
A_signed_diff,transfer_margin_str,0,pooled,,72,0.0292,0.8078,0.0171,0.8864,layer_29
A_signed_diff,overall_margin_str,0,pooled,,72,0.0297,0.8045,0.0362,0.7629,layer_29
A_signed_diff,accuracy_gpt-5-mini,0,pooled,,72,-0.0405,0.7358,-0.0215,0.8575,layer_29
A_signed_diff,accuracy_meta-llama/Llama-3.3-70B-Instruct,0,pooled,,72,-0.1081,0.366,-0.0454,0.705,layer_29
A_signed_diff,accuracy_zai-org/GLM-4.7-Flash,0,pooled,,72,-0.1343,0.2607,-0.0867,0.4689,layer_29
A_min,accuracy_majority,0,pooled,,72,0.2449,0.0381,0.2601,0.0273,layer_29
A_min,overall_score,0,pooled,,72,0.1204,0.3136,0.168,0.1585,layer_29
A_min,transfer_score,0,pooled,,72,0.0806,0.5009,0.0126,0.9166,layer_29
A_min,transfer_score_str,0,pooled,,72,0.1733,0.1454,0.1944,0.1018,layer_29
A_min,overall_score_str,0,pooled,,72,0.2677,0.023,0.3327,0.0043,layer_29
A_min,transfer_margin_str,0,pooled,,72,0.1755,0.1403,0.2811,0.0168,layer_29
A_min,overall_margin_str,0,pooled,,72,0.4541,0.0001,0.4919,0.0,layer_29
A_min,accuracy_gpt-5-mini,0,pooled,,72,0.2132,0.0722,0.2401,0.0422,layer_29
A_min,accuracy_meta-llama/Llama-3.3-70B-Instruct,0,pooled,,72,0.1419,0.2344,0.1735,0.1449,layer_29
A_min,accuracy_zai-org/GLM-4.7-Flash,0,pooled,,72,0.1983,0.095,0.1899,0.1101,layer_29
A_max,accuracy_majority,0,pooled,,72,0.1172,0.3269,0.0779,0.5154,layer_29
A_max,overall_score,0,pooled,,72,-0.0108,0.9281,-0.0019,0.9873,layer_29
A_max,transfer_score,0,pooled,,72,-0.0399,0.7395,-0.089,0.4573,layer_29
A_max,transfer_score_str,0,pooled,,72,-0.1957,0.0995,-0.1862,0.1173,layer_29
A_max,overall_score_str,0,pooled,,72,-0.1534,0.1982,-0.1157,0.3333,layer_29
A_max,transfer_margin_str,0,pooled,,72,0.077,0.5205,0.1391,0.244,layer_29
A_max,overall_margin_str,0,pooled,,72,-0.0065,0.9569,0.0534,0.6561,layer_29
A_max,accuracy_gpt-5-mini,0,pooled,,72,0.1148,0.3369,0.067,0.5762,layer_29
A_max,accuracy_meta-llama/Llama-3.3-70B-Instruct,0,pooled,,72,0.0031,0.9797,-0.0169,0.8882,layer_29
A_max,accuracy_zai-org/GLM-4.7-Flash,0,pooled,,72,0.1937,0.1031,0.1998,0.0924,layer_29
A_norm_asym,accuracy_majority,0,pooled,,72,-0.0997,0.4046,-0.0854,0.4756,layer_29
A_norm_asym,overall_score,0,pooled,,72,0.0116,0.9228,0.0477,0.6909,layer_29
A_norm_asym,transfer_score,0,pooled,,72,-0.0186,0.8765,-0.0585,0.6254,layer_29
A_norm_asym,transfer_score_str,0,pooled,,72,-0.355,0.0022,-0.3421,0.0033,layer_29
A_norm_asym,overall_score_str,0,pooled,,72,-0.1461,0.2207,-0.0913,0.4456,layer_29
A_norm_asym,transfer_margin_str,0,pooled,,72,0.0112,0.9257,0.0066,0.9559,layer_29
A_norm_asym,overall_margin_str,0,pooled,,72,0.0493,0.6807,0.0657,0.5836,layer_29
A_norm_asym,accuracy_gpt-5-mini,0,pooled,,72,-0.03,0.8024,-0.0137,0.9088,layer_29
A_norm_asym,accuracy_meta-llama/Llama-3.3-70B-Instruct,0,pooled,,72,-0.0938,0.4331,-0.0332,0.7817,layer_29
A_norm_asym,accuracy_zai-org/GLM-4.7-Flash,0,pooled,,72,-0.1435,0.2292,-0.0978,0.4139,layer_29
A_abs_ratio,accuracy_majority,0,pooled,,72,-0.1879,0.114,-0.2234,0.0592,layer_29
A_abs_ratio,overall_score,0,pooled,,72,-0.1149,0.3366,-0.1696,0.1544,layer_29
A_abs_ratio,transfer_score,0,pooled,,72,-0.0801,0.5034,-0.0841,0.4823,layer_29
A_abs_ratio,transfer_score_str,0,pooled,,72,-0.3467,0.0028,-0.2665,0.0237,layer_29
A_abs_ratio,overall_score_str,0,pooled,,72,-0.4126,0.0003,-0.3753,0.0012,layer_29
A_abs_ratio,transfer_margin_str,0,pooled,,72,-0.1877,0.1145,-0.1682,0.1578,layer_29
A_abs_ratio,overall_margin_str,0,pooled,,72,-0.5486,0.0,-0.4264,0.0002,layer_29
A_abs_ratio,accuracy_gpt-5-mini,0,pooled,,72,-0.1972,0.0969,-0.2003,0.0917,layer_29
A_abs_ratio,accuracy_meta-llama/Llama-3.3-70B-Instruct,0,pooled,,72,-0.1917,0.1067,-0.1492,0.211,layer_29
A_abs_ratio,accuracy_zai-org/GLM-4.7-Flash,0,pooled,,72,-0.0893,0.4556,-0.0774,0.5179,layer_29
A_signed_ratio,accuracy_majority,0,pooled,,72,-0.0997,0.4046,-0.1377,0.2486,layer_29
A_signed_ratio,overall_score,0,pooled,,72,0.0116,0.9228,-0.0068,0.9546,layer_29
A_signed_ratio,transfer_score,0,pooled,,72,-0.0186,0.8765,-0.0743,0.5349,layer_29
A_signed_ratio,transfer_score_str,0,pooled,,72,-0.355,0.0022,-0.4029,0.0004,layer_29
A_signed_ratio,overall_score_str,0,pooled,,72,-0.1461,0.2207,-0.2004,0.0914,layer_29
A_signed_ratio,transfer_margin_str,0,pooled,,72,0.0112,0.9257,-0.0557,0.6422,layer_29
A_signed_ratio,overall_margin_str,0,pooled,,72,0.0493,0.6807,-0.0782,0.5136,layer_29
A_signed_ratio,accuracy_gpt-5-mini,0,pooled,,72,-0.03,0.8024,-0.0621,0.6041,layer_29
A_signed_ratio,accuracy_meta-llama/Llama-3.3-70B-Instruct,0,pooled,,72,-0.0938,0.4331,-0.0431,0.7191,layer_29
A_signed_ratio,accuracy_zai-org/GLM-4.7-Flash,0,pooled,,72,-0.1435,0.2292,-0.0927,0.4386,layer_29
A_log_ratio,accuracy_majority,0,pooled,,72,-0.0997,0.4046,-0.0812,0.4975,layer_29
A_log_ratio,overall_score,0,pooled,,72,0.0116,0.9228,0.0489,0.6831,layer_29
A_log_ratio,transfer_score,0,pooled,,72,-0.0186,0.8765,-0.0536,0.6545,layer_29
A_log_ratio,transfer_score_str,0,pooled,,72,-0.355,0.0022,-0.3429,0.0032,layer_29
A_log_ratio,overall_score_str,0,pooled,,72,-0.1461,0.2207,-0.091,0.447,layer_29
A_log_ratio,transfer_margin_str,0,pooled,,72,0.0112,0.9257,0.0017,0.9889,layer_29
A_log_ratio,overall_margin_str,0,pooled,,72,0.0493,0.6807,0.0622,0.604,layer_29
A_log_ratio,accuracy_gpt-5-mini,0,pooled,,72,-0.03,0.8024,-0.0101,0.933,layer_29
A_log_ratio,accuracy_meta-llama/Llama-3.3-70B-Instruct,0,pooled,,72,-0.0938,0.4331,-0.024,0.8413,layer_29
A_log_ratio,accuracy_zai-org/GLM-4.7-Flash,0,pooled,,72,-0.1435,0.2292,-0.0908,0.448,layer_29
drop_to_min_abs_diff,accuracy_majority,0,pooled,,72,-0.1093,0.3606,-0.1696,0.1543,layer_29
drop_to_min_abs_diff,overall_score,0,pooled,,72,-0.0968,0.4186,-0.1567,0.1887,layer_29
drop_to_min_abs_diff,transfer_score,0,pooled,,72,-0.0757,0.5273,-0.0898,0.4531,layer_29
drop_to_min_abs_diff,transfer_score_str,0,pooled,,72,-0.3613,0.0018,-0.3279,0.0049,layer_29
drop_to_min_abs_diff,overall_score_str,0,pooled,,72,-0.4046,0.0004,-0.4127,0.0003,layer_29
drop_to_min_abs_diff,transfer_margin_str,0,pooled,,72,-0.182,0.126,-0.1943,0.1019,layer_29
drop_to_min_abs_diff,overall_margin_str,0,pooled,,72,-0.5176,0.0,-0.458,0.0001,layer_29
drop_to_min_abs_diff,accuracy_gpt-5-mini,0,pooled,,72,-0.1212,0.3106,-0.1596,0.1805,layer_29
drop_to_min_abs_diff,accuracy_meta-llama/Llama-3.3-70B-Instruct,0,pooled,,72,-0.1531,0.1993,-0.175,0.1415,layer_29
drop_to_min_abs_diff,accuracy_zai-org/GLM-4.7-Flash,0,pooled,,72,-0.0119,0.9212,0.0094,0.9373,layer_29
drop_to_min_signed_diff,accuracy_majority,0,pooled,,72,-0.0878,0.4635,-0.0511,0.6696,layer_29
drop_to_min_signed_diff,overall_score,0,pooled,,72,0.0331,0.7823,0.0687,0.5663,layer_29
drop_to_min_signed_diff,transfer_score,0,pooled,,72,0.0023,0.9848,-0.0419,0.7269,layer_29
drop_to_min_signed_diff,transfer_score_str,0,pooled,,72,-0.3616,0.0018,-0.3529,0.0024,layer_29
drop_to_min_signed_diff,overall_score_str,0,pooled,,72,-0.1602,0.1789,-0.1183,0.3222,layer_29
drop_to_min_signed_diff,transfer_margin_str,0,pooled,,72,-0.0055,0.9632,-0.0117,0.9226,layer_29
drop_to_min_signed_diff,overall_margin_str,0,pooled,,72,0.0281,0.8145,0.0309,0.7968,layer_29
drop_to_min_signed_diff,accuracy_gpt-5-mini,0,pooled,,72,-0.0221,0.8541,0.0086,0.9427,layer_29
drop_to_min_signed_diff,accuracy_meta-llama/Llama-3.3-70B-Instruct,0,pooled,,72,-0.0921,0.4418,-0.0248,0.8362,layer_29
drop_to_min_signed_diff,accuracy_zai-org/GLM-4.7-Flash,0,pooled,,72,-0.1277,0.2851,-0.0675,0.5729,layer_29
drop_to_min_min,accuracy_majority,0,pooled,,72,0.2449,0.0381,0.253,0.032,layer_29
drop_to_min_min,overall_score,0,pooled,,72,0.1204,0.3136,0.1658,0.164,layer_29
drop_to_min_min,transfer_score,0,pooled,,72,0.0806,0.5009,0.0171,0.8869,layer_29
drop_to_min_min,transfer_score_str,0,pooled,,72,0.1733,0.1454,0.1981,0.0953,layer_29
drop_to_min_min,overall_score_str,0,pooled,,72,0.2677,0.023,0.3377,0.0037,layer_29
drop_to_min_min,transfer_margin_str,0,pooled,,72,0.1755,0.1403,0.2712,0.0212,layer_29
drop_to_min_min,overall_margin_str,0,pooled,,72,0.4541,0.0001,0.4893,0.0,layer_29
drop_to_min_min,accuracy_gpt-5-mini,0,pooled,,72,0.2132,0.0722,0.235,0.0469,layer_29
drop_to_min_min,accuracy_meta-llama/Llama-3.3-70B-Instruct,0,pooled,,72,0.1419,0.2344,0.163,0.1712,layer_29
drop_to_min_min,accuracy_zai-org/GLM-4.7-Flash,0,pooled,,72,0.1983,0.095,0.1853,0.1192,layer_29
drop_to_min_max,accuracy_majority,0,pooled,,72,0.1172,0.3269,0.1139,0.341,layer_29
drop_to_min_max,overall_score,0,pooled,,72,-0.0108,0.9281,0.0197,0.8696,layer_29
drop_to_min_max,transfer_score,0,pooled,,72,-0.0399,0.7395,-0.0868,0.4686,layer_29
drop_to_min_max,transfer_score_str,0,pooled,,72,-0.1957,0.0995,-0.1459,0.2212,layer_29
drop_to_min_max,overall_score_str,0,pooled,,72,-0.1534,0.1982,-0.0725,0.5448,layer_29
drop_to_min_max,transfer_margin_str,0,pooled,,72,0.077,0.5205,0.107,0.3712,layer_29
drop_to_min_max,overall_margin_str,0,pooled,,72,-0.0065,0.9569,0.0635,0.5961,layer_29
drop_to_min_max,accuracy_gpt-5-mini,0,pooled,,72,0.1148,0.3369,0.1033,0.3879,layer_29
drop_to_min_max,accuracy_meta-llama/Llama-3.3-70B-Instruct,0,pooled,,72,0.0031,0.9797,-0.0058,0.9613,layer_29
drop_to_min_max,accuracy_zai-org/GLM-4.7-Flash,0,pooled,,72,0.1937,0.1031,0.2444,0.0385,layer_29
drop_to_min_norm_asym,accuracy_majority,0,pooled,,72,-0.0909,0.4477,-0.0615,0.6079,layer_29
drop_to_min_norm_asym,overall_score,0,pooled,,72,0.0347,0.7723,0.0767,0.5222,layer_29
drop_to_min_norm_asym,transfer_score,0,pooled,,72,0.0036,0.9759,-0.0284,0.8129,layer_29
drop_to_min_norm_asym,transfer_score_str,0,pooled,,72,-0.3493,0.0026,-0.3301,0.0046,layer_29
drop_to_min_norm_asym,overall_score_str,0,pooled,,72,-0.1307,0.2736,-0.0766,0.5224,layer_29
drop_to_min_norm_asym,transfer_margin_str,0,pooled,,72,-0.0159,0.8946,-0.0178,0.8819,layer_29
drop_to_min_norm_asym,overall_margin_str,0,pooled,,72,0.0471,0.6944,0.06,0.6164,layer_29
drop_to_min_norm_asym,accuracy_gpt-5-mini,0,pooled,,72,-0.022,0.8546,0.0107,0.9289,layer_29
drop_to_min_norm_asym,accuracy_meta-llama/Llama-3.3-70B-Instruct,0,pooled,,72,-0.0855,0.4753,-0.0163,0.8921,layer_29
drop_to_min_norm_asym,accuracy_zai-org/GLM-4.7-Flash,0,pooled,,72,-0.1414,0.2361,-0.0823,0.4917,layer_29
drop_to_min_abs_ratio,accuracy_majority,0,pooled,,72,-0.1537,0.1973,-0.2002,0.0918,layer_29
drop_to_min_abs_ratio,overall_score,0,pooled,,72,-0.0968,0.4188,-0.1557,0.1916,layer_29
drop_to_min_abs_ratio,transfer_score,0,pooled,,72,-0.0674,0.5739,-0.0866,0.4694,layer_29
drop_to_min_abs_ratio,transfer_score_str,0,pooled,,72,-0.3368,0.0038,-0.2405,0.0419,layer_29
drop_to_min_abs_ratio,overall_score_str,0,pooled,,72,-0.4021,0.0005,-0.3507,0.0025,layer_29
drop_to_min_abs_ratio,transfer_margin_str,0,pooled,,72,-0.2073,0.0805,-0.1626,0.1725,layer_29
drop_to_min_abs_ratio,overall_margin_str,0,pooled,,72,-0.5493,0.0,-0.4039,0.0004,layer_29
drop_to_min_abs_ratio,accuracy_gpt-5-mini,0,pooled,,72,-0.1608,0.1773,-0.1791,0.1322,layer_29
drop_to_min_abs_ratio,accuracy_meta-llama/Llama-3.3-70B-Instruct,0,pooled,,72,-0.1565,0.1894,-0.1331,0.2649,layer_29
drop_to_min_abs_ratio,accuracy_zai-org/GLM-4.7-Flash,0,pooled,,72,-0.054,0.6521,-0.0504,0.6741,layer_29
drop_to_min_signed_ratio,accuracy_majority,0,pooled,,72,-0.0909,0.4477,-0.1093,0.3606,layer_29
drop_to_min_signed_ratio,overall_score,0,pooled,,72,0.0347,0.7723,0.0214,0.8585,layer_29
drop_to_min_signed_ratio,transfer_score,0,pooled,,72,0.0036,0.9759,-0.0478,0.6899,layer_29
drop_to_min_signed_ratio,transfer_score_str,0,pooled,,72,-0.3493,0.0026,-0.3824,0.0009,layer_29
drop_to_min_signed_ratio,overall_score_str,0,pooled,,72,-0.1307,0.2736,-0.1799,0.1304,layer_29
drop_to_min_signed_ratio,transfer_margin_str,0,pooled,,72,-0.0159,0.8946,-0.0749,0.5318,layer_29
drop_to_min_signed_ratio,overall_margin_str,0,pooled,,72,0.0471,0.6944,-0.0766,0.5227,layer_29
drop_to_min_signed_ratio,accuracy_gpt-5-mini,0,pooled,,72,-0.022,0.8546,-0.0342,0.7752,layer_29
drop_to_min_signed_ratio,accuracy_meta-llama/Llama-3.3-70B-Instruct,0,pooled,,72,-0.0855,0.4753,-0.0233,0.846,layer_29
drop_to_min_signed_ratio,accuracy_zai-org/GLM-4.7-Flash,0,pooled,,72,-0.1414,0.2361,-0.0689,0.5653,layer_29
drop_to_min_log_ratio,accuracy_majority,0,pooled,,72,-0.0909,0.4477,-0.0572,0.6331,layer_29
drop_to_min_log_ratio,overall_score,0,pooled,,72,0.0347,0.7723,0.0773,0.5186,layer_29
drop_to_min_log_ratio,transfer_score,0,pooled,,72,0.0036,0.9759,-0.0237,0.8435,layer_29
drop_to_min_log_ratio,transfer_score_str,0,pooled,,72,-0.3493,0.0026,-0.3308,0.0045,layer_29
drop_to_min_log_ratio,overall_score_str,0,pooled,,72,-0.1307,0.2736,-0.0763,0.524,layer_29
drop_to_min_log_ratio,transfer_margin_str,0,pooled,,72,-0.0159,0.8946,-0.0226,0.8508,layer_29
drop_to_min_log_ratio,overall_margin_str,0,pooled,,72,0.0471,0.6944,0.0565,0.6372,layer_29
drop_to_min_log_ratio,accuracy_gpt-5-mini,0,pooled,,72,-0.022,0.8546,0.0143,0.9051,layer_29
drop_to_min_log_ratio,accuracy_meta-llama/Llama-3.3-70B-Instruct,0,pooled,,72,-0.0855,0.4753,-0.0071,0.953,layer_29
drop_to_min_log_ratio,accuracy_zai-org/GLM-4.7-Flash,0,pooled,,72,-0.1414,0.2361,-0.0748,0.5321,layer_29
recovery_abs_diff,accuracy_majority,0,pooled,,72,-0.147,0.2178,-0.1489,0.2119,layer_29
recovery_abs_diff,overall_score,0,pooled,,72,-0.1225,0.3053,-0.1182,0.3228,layer_29
recovery_abs_diff,transfer_score,0,pooled,,72,-0.1254,0.294,-0.1114,0.3515,layer_29
recovery_abs_diff,transfer_score_str,0,pooled,,72,-0.1049,0.3807,-0.1389,0.2447,layer_29
recovery_abs_diff,overall_score_str,0,pooled,,72,-0.1054,0.3783,-0.123,0.3035,layer_29
recovery_abs_diff,transfer_margin_str,0,pooled,,72,0.0495,0.6798,0.0417,0.7282,layer_29
recovery_abs_diff,overall_margin_str,0,pooled,,72,-0.0622,0.6037,-0.1038,0.3856,layer_29
recovery_abs_diff,accuracy_gpt-5-mini,0,pooled,,72,-0.1977,0.096,-0.1793,0.1319,layer_29
recovery_abs_diff,accuracy_meta-llama/Llama-3.3-70B-Instruct,0,pooled,,72,-0.0104,0.931,-0.039,0.7452,layer_29
recovery_abs_diff,accuracy_zai-org/GLM-4.7-Flash,0,pooled,,72,-0.13,0.2763,-0.1122,0.348,layer_29
recovery_signed_diff,accuracy_majority,0,pooled,,72,-0.1038,0.3853,-0.0979,0.4131,layer_29
recovery_signed_diff,overall_score,0,pooled,,72,0.0091,0.9394,0.0281,0.8144,layer_29
recovery_signed_diff,transfer_score,0,pooled,,72,0.0007,0.9951,-0.0011,0.9926,layer_29
recovery_signed_diff,transfer_score_str,0,pooled,,72,-0.0192,0.8728,-0.0129,0.9146,layer_29
recovery_signed_diff,overall_score_str,0,pooled,,72,-0.1427,0.2317,-0.1396,0.2422,layer_29
recovery_signed_diff,transfer_margin_str,0,pooled,,72,0.3828,0.0009,0.4142,0.0003,layer_29
recovery_signed_diff,overall_margin_str,0,pooled,,72,0.1229,0.3036,0.1342,0.2612,layer_29
recovery_signed_diff,accuracy_gpt-5-mini,0,pooled,,72,0.0258,0.83,0.0396,0.741,layer_29
recovery_signed_diff,accuracy_meta-llama/Llama-3.3-70B-Instruct,0,pooled,,72,-0.1366,0.2526,-0.1147,0.3376,layer_29
recovery_signed_diff,accuracy_zai-org/GLM-4.7-Flash,0,pooled,,72,-0.0372,0.7561,-0.0021,0.9862,layer_29
recovery_min,accuracy_majority,0,pooled,,72,0.1281,0.2834,0.1495,0.2099,layer_29
recovery_min,overall_score,0,pooled,,72,0.0508,0.6718,0.117,0.3276,layer_29
recovery_min,transfer_score,0,pooled,,72,0.0498,0.6778,0.1038,0.3856,layer_29
recovery_min,transfer_score_str,0,pooled,,72,-0.0606,0.6133,0.0458,0.7023,layer_29
recovery_min,overall_score_str,0,pooled,,72,-0.1193,0.3183,-0.0298,0.8037,layer_29
recovery_min,transfer_margin_str,0,pooled,,72,0.2402,0.0421,0.3556,0.0022,layer_29
recovery_min,overall_margin_str,0,pooled,,72,0.0708,0.5546,0.1717,0.1493,layer_29
recovery_min,accuracy_gpt-5-mini,0,pooled,,72,0.1391,0.2438,0.1898,0.1102,layer_29
recovery_min,accuracy_meta-llama/Llama-3.3-70B-Instruct,0,pooled,,72,0.0474,0.6927,0.1144,0.3386,layer_29
recovery_min,accuracy_zai-org/GLM-4.7-Flash,0,pooled,,72,0.064,0.5934,0.1056,0.3774,layer_29
recovery_max,accuracy_majority,0,pooled,,72,-0.0331,0.7824,-0.0024,0.984,layer_29
recovery_max,overall_score,0,pooled,,72,-0.044,0.7134,-0.0037,0.9756,layer_29
recovery_max,transfer_score,0,pooled,,72,-0.0438,0.7148,-0.0103,0.9316,layer_29
recovery_max,transfer_score_str,0,pooled,,72,-0.1689,0.156,-0.1008,0.3993,layer_29
recovery_max,overall_score_str,0,pooled,,72,-0.276,0.019,-0.1634,0.1702,layer_29
recovery_max,transfer_margin_str,0,pooled,,72,0.4014,0.0005,0.4192,0.0002,layer_29
recovery_max,overall_margin_str,0,pooled,,72,-0.0004,0.9972,0.0693,0.5627,layer_29
recovery_max,accuracy_gpt-5-mini,0,pooled,,72,-0.0376,0.754,0.0074,0.9505,layer_29
recovery_max,accuracy_meta-llama/Llama-3.3-70B-Instruct,0,pooled,,72,0.0457,0.7029,0.0786,0.5114,layer_29
recovery_max,accuracy_zai-org/GLM-4.7-Flash,0,pooled,,72,-0.0637,0.5951,-0.0093,0.9383,layer_29
recovery_norm_asym,accuracy_majority,0,pooled,,72,-0.0825,0.4907,-0.0754,0.5288,layer_29
recovery_norm_asym,overall_score,0,pooled,,72,0.0293,0.8071,0.0604,0.614,layer_29
recovery_norm_asym,transfer_score,0,pooled,,72,0.0208,0.8625,0.0275,0.8188,layer_29
recovery_norm_asym,transfer_score_str,0,pooled,,72,-0.0014,0.9904,-0.0029,0.9809,layer_29
recovery_norm_asym,overall_score_str,0,pooled,,72,-0.1256,0.2932,-0.1191,0.3192,layer_29
recovery_norm_asym,transfer_margin_str,0,pooled,,72,0.375,0.0012,0.3853,0.0008,layer_29
recovery_norm_asym,overall_margin_str,0,pooled,,72,0.1261,0.291,0.1413,0.2365,layer_29
recovery_norm_asym,accuracy_gpt-5-mini,0,pooled,,72,0.0468,0.6961,0.0617,0.6067,layer_29
recovery_norm_asym,accuracy_meta-llama/Llama-3.3-70B-Instruct,0,pooled,,72,-0.1168,0.3286,-0.0914,0.4451,layer_29
recovery_norm_asym,accuracy_zai-org/GLM-4.7-Flash,0,pooled,,72,-0.0153,0.8982,0.0192,0.873,layer_29
recovery_abs_ratio,accuracy_majority,0,pooled,,72,-0.1364,0.2533,-0.1572,0.1871,layer_29
recovery_abs_ratio,overall_score,0,pooled,,72,-0.1101,0.3573,-0.1032,0.3884,layer_29
recovery_abs_ratio,transfer_score,0,pooled,,72,-0.1169,0.3282,-0.0954,0.4253,layer_29
recovery_abs_ratio,transfer_score_str,0,pooled,,72,-0.0682,0.5692,-0.1146,0.338,layer_29
recovery_abs_ratio,overall_score_str,0,pooled,,72,-0.0519,0.6649,-0.1004,0.4013,layer_29
recovery_abs_ratio,transfer_margin_str,0,pooled,,72,-0.0259,0.8289,-0.0152,0.899,layer_29
recovery_abs_ratio,overall_margin_str,0,pooled,,72,-0.067,0.5762,-0.1185,0.3213,layer_29
recovery_abs_ratio,accuracy_gpt-5-mini,0,pooled,,72,-0.1704,0.1523,-0.1733,0.1456,layer_29
recovery_abs_ratio,accuracy_meta-llama/Llama-3.3-70B-Instruct,0,pooled,,72,-0.0089,0.9407,-0.0488,0.6842,layer_29
recovery_abs_ratio,accuracy_zai-org/GLM-4.7-Flash,0,pooled,,72,-0.1158,0.3327,-0.1096,0.3596,layer_29
recovery_signed_ratio,accuracy_majority,0,pooled,,72,-0.0825,0.4907,-0.0988,0.4088,layer_29
recovery_signed_ratio,overall_score,0,pooled,,72,0.0293,0.8071,0.0407,0.7345,layer_29
recovery_signed_ratio,transfer_score,0,pooled,,72,0.0208,0.8625,0.0145,0.9041,layer_29
recovery_signed_ratio,transfer_score_str,0,pooled,,72,-0.0014,0.9904,-0.0311,0.7954,layer_29
recovery_signed_ratio,overall_score_str,0,pooled,,72,-0.1256,0.2932,-0.1411,0.2372,layer_29
recovery_signed_ratio,transfer_margin_str,0,pooled,,72,0.375,0.0012,0.3718,0.0013,layer_29
recovery_signed_ratio,overall_margin_str,0,pooled,,72,0.1261,0.291,0.1098,0.3584,layer_29
recovery_signed_ratio,accuracy_gpt-5-mini,0,pooled,,72,0.0468,0.6961,0.0306,0.7983,layer_29
recovery_signed_ratio,accuracy_meta-llama/Llama-3.3-70B-Instruct,0,pooled,,72,-0.1168,0.3286,-0.0931,0.4368,layer_29
recovery_signed_ratio,accuracy_zai-org/GLM-4.7-Flash,0,pooled,,72,-0.0153,0.8982,-0.0037,0.9751,layer_29
recovery_log_ratio,accuracy_majority,0,pooled,,72,-0.0825,0.4907,-0.073,0.5422,layer_29
recovery_log_ratio,overall_score,0,pooled,,72,0.0293,0.8071,0.0607,0.6127,layer_29
recovery_log_ratio,transfer_score,0,pooled,,72,0.0208,0.8625,0.0282,0.8139,layer_29
recovery_log_ratio,transfer_score_str,0,pooled,,72,-0.0014,0.9904,-0.0041,0.9727,layer_29
recovery_log_ratio,overall_score_str,0,pooled,,72,-0.1256,0.2932,-0.1191,0.319,layer_29
recovery_log_ratio,transfer_margin_str,0,pooled,,72,0.375,0.0012,0.3836,0.0009,layer_29
recovery_log_ratio,overall_margin_str,0,pooled,,72,0.1261,0.291,0.1402,0.2402,layer_29
recovery_log_ratio,accuracy_gpt-5-mini,0,pooled,,72,0.0468,0.6961,0.0622,0.6038,layer_29
recovery_log_ratio,accuracy_meta-llama/Llama-3.3-70B-Instruct,0,pooled,,72,-0.1168,0.3286,-0.0887,0.4587,layer_29
recovery_log_ratio,accuracy_zai-org/GLM-4.7-Flash,0,pooled,,72,-0.0153,0.8982,0.0191,0.8737,layer_29
drop_minus_recovery_abs_diff,accuracy_majority,0,pooled,,72,-0.0229,0.8486,-0.0879,0.463,layer_29
drop_minus_recovery_abs_diff,overall_score,0,pooled,,72,-0.1384,0.2463,-0.1754,0.1406,layer_29
drop_minus_recovery_abs_diff,transfer_score,0,pooled,,72,-0.1322,0.2682,-0.1496,0.2099,layer_29
drop_minus_recovery_abs_diff,transfer_score_str,0,pooled,,72,-0.2261,0.0561,-0.2329,0.0489,layer_29
drop_minus_recovery_abs_diff,overall_score_str,0,pooled,,72,-0.2231,0.0596,-0.2804,0.0171,layer_29
drop_minus_recovery_abs_diff,transfer_margin_str,0,pooled,,72,-0.1367,0.2522,-0.1747,0.1421,layer_29
drop_minus_recovery_abs_diff,overall_margin_str,0,pooled,,72,-0.3224,0.0058,-0.3064,0.0088,layer_29
drop_minus_recovery_abs_diff,accuracy_gpt-5-mini,0,pooled,,72,0.0225,0.8514,-0.0553,0.6448,layer_29
drop_minus_recovery_abs_diff,accuracy_meta-llama/Llama-3.3-70B-Instruct,0,pooled,,72,-0.0327,0.7853,-0.0968,0.4188,layer_29
drop_minus_recovery_abs_diff,accuracy_zai-org/GLM-4.7-Flash,0,pooled,,72,0.0146,0.903,0.0707,0.5552,layer_29
drop_minus_recovery_signed_diff,accuracy_majority,0,pooled,,72,-0.0361,0.7634,-0.023,0.8477,layer_29
drop_minus_recovery_signed_diff,overall_score,0,pooled,,72,0.053,0.6581,0.0695,0.562,layer_29
drop_minus_recovery_signed_diff,transfer_score,0,pooled,,72,0.0216,0.8572,-0.0483,0.687,layer_29
drop_minus_recovery_signed_diff,transfer_score_str,0,pooled,,72,-0.4193,0.0002,-0.4057,0.0004,layer_29
drop_minus_recovery_signed_diff,overall_score_str,0,pooled,,72,-0.139,0.2442,-0.0857,0.4742,layer_29
drop_minus_recovery_signed_diff,transfer_margin_str,0,pooled,,72,-0.1555,0.1921,-0.1677,0.159,layer_29
drop_minus_recovery_signed_diff,overall_margin_str,0,pooled,,72,-0.0172,0.8857,-0.014,0.907,layer_29
drop_minus_recovery_signed_diff,accuracy_gpt-5-mini,0,pooled,,72,-0.0216,0.857,-0.0047,0.9686,layer_29
drop_minus_recovery_signed_diff,accuracy_meta-llama/Llama-3.3-70B-Instruct,0,pooled,,72,-0.0189,0.875,0.0138,0.9082,layer_29
drop_minus_recovery_signed_diff,accuracy_zai-org/GLM-4.7-Flash,0,pooled,,72,-0.1106,0.3551,-0.0778,0.5159,layer_29
drop_minus_recovery_min,accuracy_majority,0,pooled,,72,0.2112,0.075,0.2535,0.0316,layer_29
drop_minus_recovery_min,overall_score,0,pooled,,72,0.1253,0.2943,0.1965,0.0981,layer_29
drop_minus_recovery_min,transfer_score,0,pooled,,72,0.0858,0.4734,0.0263,0.8264,layer_29
drop_minus_recovery_min,transfer_score_str,0,pooled,,72,0.1839,0.1221,0.1925,0.1052,layer_29
drop_minus_recovery_min,overall_score_str,0,pooled,,72,0.304,0.0094,0.3813,0.001,layer_29
drop_minus_recovery_min,transfer_margin_str,0,pooled,,72,0.1447,0.2253,0.1866,0.1166,layer_29
drop_minus_recovery_min,overall_margin_str,0,pooled,,72,0.4976,0.0,0.4882,0.0,layer_29
drop_minus_recovery_min,accuracy_gpt-5-mini,0,pooled,,72,0.1721,0.1484,0.2077,0.08,layer_29
drop_minus_recovery_min,accuracy_meta-llama/Llama-3.3-70B-Instruct,0,pooled,,72,0.0842,0.4822,0.1228,0.304,layer_29
drop_minus_recovery_min,accuracy_zai-org/GLM-4.7-Flash,0,pooled,,72,0.1842,0.1215,0.2027,0.0877,layer_29
drop_minus_recovery_max,accuracy_majority,0,pooled,,72,0.1627,0.172,0.1435,0.2292,layer_29
drop_minus_recovery_max,overall_score,0,pooled,,72,-0.0198,0.8688,0.006,0.9601,layer_29
drop_minus_recovery_max,transfer_score,0,pooled,,72,-0.0493,0.681,-0.1228,0.304,layer_29
drop_minus_recovery_max,transfer_score_str,0,pooled,,72,-0.0038,0.9744,-0.054,0.6521,layer_29
drop_minus_recovery_max,overall_score_str,0,pooled,,72,0.1424,0.2328,0.0705,0.5562,layer_29
drop_minus_recovery_max,transfer_margin_str,0,pooled,,72,-0.0918,0.4431,-0.0023,0.9844,layer_29
drop_minus_recovery_max,overall_margin_str,0,pooled,,72,0.1632,0.1708,0.1417,0.2349,layer_29
drop_minus_recovery_max,accuracy_gpt-5-mini,0,pooled,,72,0.176,0.1393,0.134,0.2619,layer_29
drop_minus_recovery_max,accuracy_meta-llama/Llama-3.3-70B-Instruct,0,pooled,,72,0.0492,0.6813,0.0164,0.8914,layer_29
drop_minus_recovery_max,accuracy_zai-org/GLM-4.7-Flash,0,pooled,,72,0.1891,0.1116,0.2529,0.0321,layer_29
drop_minus_recovery_norm_asym,accuracy_majority,0,pooled,,72,-0.061,0.6106,-0.0401,0.7378,layer_29
drop_minus_recovery_norm_asym,overall_score,0,pooled,,72,0.0591,0.622,0.0808,0.4998,layer_29
drop_minus_recovery_norm_asym,transfer_score,0,pooled,,72,0.0292,0.8077,-0.0314,0.7934,layer_29
drop_minus_recovery_norm_asym,transfer_score_str,0,pooled,,72,-0.3918,0.0007,-0.3749,0.0012,layer_29
drop_minus_recovery_norm_asym,overall_score_str,0,pooled,,72,-0.0922,0.441,-0.0454,0.7049,layer_29
drop_minus_recovery_norm_asym,transfer_margin_str,0,pooled,,72,-0.1408,0.2381,-0.1358,0.2554,layer_29
drop_minus_recovery_norm_asym,overall_margin_str,0,pooled,,72,0.0356,0.7666,0.0329,0.7838,layer_29
drop_minus_recovery_norm_asym,accuracy_gpt-5-mini,0,pooled,,72,-0.0258,0.8296,-0.0024,0.9838,layer_29
drop_minus_recovery_norm_asym,accuracy_meta-llama/Llama-3.3-70B-Instruct,0,pooled,,72,-0.0211,0.8606,0.0209,0.862,layer_29
drop_minus_recovery_norm_asym,accuracy_zai-org/GLM-4.7-Flash,0,pooled,,72,-0.1476,0.2161,-0.0971,0.4171,layer_29
drop_minus_recovery_abs_ratio,accuracy_majority,0,pooled,,72,-0.1319,0.2694,-0.1601,0.1792,layer_29
drop_minus_recovery_abs_ratio,overall_score,0,pooled,,72,-0.1428,0.2314,-0.1486,0.2127,layer_29
drop_minus_recovery_abs_ratio,transfer_score,0,pooled,,72,-0.117,0.3276,-0.1135,0.3424,layer_29
drop_minus_recovery_abs_ratio,transfer_score_str,0,pooled,,72,-0.2467,0.0367,-0.1516,0.2038,layer_29
drop_minus_recovery_abs_ratio,overall_score_str,0,pooled,,72,-0.3009,0.0102,-0.2487,0.0352,layer_29
drop_minus_recovery_abs_ratio,transfer_margin_str,0,pooled,,72,-0.1876,0.1146,-0.1229,0.3036,layer_29
drop_minus_recovery_abs_ratio,overall_margin_str,0,pooled,,72,-0.4766,0.0,-0.2793,0.0175,layer_29
drop_minus_recovery_abs_ratio,accuracy_gpt-5-mini,0,pooled,,72,-0.0866,0.4695,-0.1353,0.2573,layer_29
drop_minus_recovery_abs_ratio,accuracy_meta-llama/Llama-3.3-70B-Instruct,0,pooled,,72,-0.0887,0.4589,-0.0648,0.5887,layer_29
drop_minus_recovery_abs_ratio,accuracy_zai-org/GLM-4.7-Flash,0,pooled,,72,-0.0768,0.5216,-0.0258,0.8296,layer_29
drop_minus_recovery_signed_ratio,accuracy_majority,0,pooled,,72,-0.061,0.6106,-0.0872,0.4663,layer_29
drop_minus_recovery_signed_ratio,overall_score,0,pooled,,72,0.0591,0.622,0.003,0.9798,layer_29
drop_minus_recovery_signed_ratio,transfer_score,0,pooled,,72,0.0292,0.8077,-0.0577,0.6299,layer_29
drop_minus_recovery_signed_ratio,transfer_score_str,0,pooled,,72,-0.3918,0.0007,-0.3824,0.0009,layer_29
drop_minus_recovery_signed_ratio,overall_score_str,0,pooled,,72,-0.0922,0.441,-0.1566,0.1889,layer_29
drop_minus_recovery_signed_ratio,transfer_margin_str,0,pooled,,72,-0.1408,0.2381,-0.1804,0.1293,layer_29
drop_minus_recovery_signed_ratio,overall_margin_str,0,pooled,,72,0.0356,0.7666,-0.116,0.3321,layer_29
drop_minus_recovery_signed_ratio,accuracy_gpt-5-mini,0,pooled,,72,-0.0258,0.8296,-0.0389,0.7458,layer_29
drop_minus_recovery_signed_ratio,accuracy_meta-llama/Llama-3.3-70B-Instruct,0,pooled,,72,-0.0211,0.8606,0.0246,0.8375,layer_29
drop_minus_recovery_signed_ratio,accuracy_zai-org/GLM-4.7-Flash,0,pooled,,72,-0.1476,0.2161,-0.0393,0.7431,layer_29
drop_minus_recovery_log_ratio,accuracy_majority,0,pooled,,72,-0.061,0.6106,-0.0343,0.7751,layer_29
drop_minus_recovery_log_ratio,overall_score,0,pooled,,72,0.0591,0.622,0.0827,0.49,layer_29
drop_minus_recovery_log_ratio,transfer_score,0,pooled,,72,0.0292,0.8077,-0.0213,0.8592,layer_29
drop_minus_recovery_log_ratio,transfer_score_str,0,pooled,,72,-0.3918,0.0007,-0.3734,0.0012,layer_29
drop_minus_recovery_log_ratio,overall_score_str,0,pooled,,72,-0.0922,0.441,-0.0467,0.6972,layer_29
drop_minus_recovery_log_ratio,transfer_margin_str,0,pooled,,72,-0.1408,0.2381,-0.1393,0.2433,layer_29
drop_minus_recovery_log_ratio,overall_margin_str,0,pooled,,72,0.0356,0.7666,0.0273,0.82,layer_29
drop_minus_recovery_log_ratio,accuracy_gpt-5-mini,0,pooled,,72,-0.0258,0.8296,0.0069,0.9542,layer_29
drop_minus_recovery_log_ratio,accuracy_meta-llama/Llama-3.3-70B-Instruct,0,pooled,,72,-0.0211,0.8606,0.0319,0.7905,layer_29
drop_minus_recovery_log_ratio,accuracy_zai-org/GLM-4.7-Flash,0,pooled,,72,-0.1476,0.2161,-0.0796,0.5063,layer_29
drop_over_recovery_abs_diff,accuracy_majority,0,pooled,,72,0.0922,0.441,0.0676,0.5725,layer_29
drop_over_recovery_abs_diff,overall_score,0,pooled,,72,-0.141,0.2375,-0.1363,0.2535,layer_29
drop_over_recovery_abs_diff,transfer_score,0,pooled,,72,-0.1484,0.2136,-0.1633,0.1704,layer_29
drop_over_recovery_abs_diff,transfer_score_str,0,pooled,,72,0.0176,0.8832,-0.0133,0.9116,layer_29
drop_over_recovery_abs_diff,overall_score_str,0,pooled,,72,0.1534,0.1982,0.0804,0.5022,layer_29
drop_over_recovery_abs_diff,transfer_margin_str,0,pooled,,72,-0.1563,0.1899,-0.1478,0.2153,layer_29
drop_over_recovery_abs_diff,overall_margin_str,0,pooled,,72,0.0471,0.6945,0.0554,0.6437,layer_29
drop_over_recovery_abs_diff,accuracy_gpt-5-mini,0,pooled,,72,0.1506,0.2068,0.085,0.478,layer_29
drop_over_recovery_abs_diff,accuracy_meta-llama/Llama-3.3-70B-Instruct,0,pooled,,72,0.0484,0.6866,0.0226,0.8507,layer_29
drop_over_recovery_abs_diff,accuracy_zai-org/GLM-4.7-Flash,0,pooled,,72,0.0855,0.4749,0.0865,0.47,layer_29
drop_over_recovery_signed_diff,accuracy_majority,0,pooled,,72,-0.0332,0.7816,-0.0193,0.8722,layer_29
drop_over_recovery_signed_diff,overall_score,0,pooled,,72,0.0098,0.935,0.0287,0.8111,layer_29
drop_over_recovery_signed_diff,transfer_score,0,pooled,,72,-0.0136,0.9094,-0.072,0.5481,layer_29
drop_over_recovery_signed_diff,transfer_score_str,0,pooled,,72,-0.4422,0.0001,-0.4364,0.0001,layer_29
drop_over_recovery_signed_diff,overall_score_str,0,pooled,,72,-0.0545,0.6495,0.0003,0.998,layer_29
drop_over_recovery_signed_diff,transfer_margin_str,0,pooled,,72,-0.3465,0.0029,-0.3764,0.0011,layer_29
drop_over_recovery_signed_diff,overall_margin_str,0,pooled,,72,-0.047,0.6947,-0.0577,0.6305,layer_29
drop_over_recovery_signed_diff,accuracy_gpt-5-mini,0,pooled,,72,-0.0529,0.6589,-0.0417,0.7282,layer_29
drop_over_recovery_signed_diff,accuracy_meta-llama/Llama-3.3-70B-Instruct,0,pooled,,72,0.0288,0.8105,0.0568,0.6355,layer_29
drop_over_recovery_signed_diff,accuracy_zai-org/GLM-4.7-Flash,0,pooled,,72,-0.1445,0.226,-0.1241,0.2989,layer_29
drop_over_recovery_min,accuracy_majority,0,pooled,,72,0.2095,0.0774,0.1933,0.1037,layer_29
drop_over_recovery_min,overall_score,0,pooled,,72,0.1062,0.3747,0.2404,0.042,layer_29
drop_over_recovery_min,transfer_score,0,pooled,,72,0.0778,0.5162,0.0708,0.5547,layer_29
drop_over_recovery_min,transfer_score_str,0,pooled,,72,0.0548,0.6474,0.1792,0.1319,layer_29
drop_over_recovery_min,overall_score_str,0,pooled,,72,0.1933,0.1037,0.3942,0.0006,layer_29
drop_over_recovery_min,transfer_margin_str,0,pooled,,72,0.0172,0.8859,0.0064,0.9576,layer_29
drop_over_recovery_min,overall_margin_str,0,pooled,,72,0.3176,0.0066,0.3936,0.0006,layer_29
drop_over_recovery_min,accuracy_gpt-5-mini,0,pooled,,72,0.1523,0.2016,0.1285,0.2819,layer_29
drop_over_recovery_min,accuracy_meta-llama/Llama-3.3-70B-Instruct,0,pooled,,72,0.0294,0.8061,0.0608,0.6122,layer_29
drop_over_recovery_min,accuracy_zai-org/GLM-4.7-Flash,0,pooled,,72,0.1867,0.1163,0.1917,0.1068,layer_29
drop_over_recovery_max,accuracy_majority,0,pooled,,72,0.1622,0.1734,0.1766,0.1378,layer_29
drop_over_recovery_max,overall_score,0,pooled,,72,-0.0045,0.9701,0.0211,0.8606,layer_29
drop_over_recovery_max,transfer_score,0,pooled,,72,-0.0334,0.7808,-0.1048,0.3811,layer_29
drop_over_recovery_max,transfer_score_str,0,pooled,,72,0.1511,0.2051,0.0953,0.4259,layer_29
drop_over_recovery_max,overall_score_str,0,pooled,,72,0.3685,0.0014,0.3083,0.0084,layer_29
drop_over_recovery_max,transfer_margin_str,0,pooled,,72,-0.1592,0.1816,-0.1293,0.2789,layer_29
drop_over_recovery_max,overall_margin_str,0,pooled,,72,0.3345,0.0041,0.2855,0.015,layer_29
drop_over_recovery_max,accuracy_gpt-5-mini,0,pooled,,72,0.1491,0.2113,0.1535,0.1981,layer_29
drop_over_recovery_max,accuracy_meta-llama/Llama-3.3-70B-Instruct,0,pooled,,72,0.0854,0.4759,0.0567,0.6362,layer_29
drop_over_recovery_max,accuracy_zai-org/GLM-4.7-Flash,0,pooled,,72,0.114,0.3404,0.1926,0.105,layer_29
drop_over_recovery_norm_asym,accuracy_majority,0,pooled,,72,-0.0159,0.8946,-0.014,0.907,layer_29
drop_over_recovery_norm_asym,overall_score,0,pooled,,72,0.0308,0.7974,0.0503,0.6748,layer_29
drop_over_recovery_norm_asym,transfer_score,0,pooled,,72,0.0053,0.9649,-0.056,0.6403,layer_29
drop_over_recovery_norm_asym,transfer_score_str,0,pooled,,72,-0.4419,0.0001,-0.436,0.0001,layer_29
drop_over_recovery_norm_asym,overall_score_str,0,pooled,,72,-0.0585,0.6253,0.0003,0.998,layer_29
drop_over_recovery_norm_asym,transfer_margin_str,0,pooled,,72,-0.3482,0.0027,-0.3558,0.0022,layer_29
drop_over_recovery_norm_asym,overall_margin_str,0,pooled,,72,-0.0528,0.6596,-0.0436,0.7161,layer_29
drop_over_recovery_norm_asym,accuracy_gpt-5-mini,0,pooled,,72,-0.0297,0.8043,-0.0349,0.771,layer_29
drop_over_recovery_norm_asym,accuracy_meta-llama/Llama-3.3-70B-Instruct,0,pooled,,72,0.048,0.6891,0.066,0.5819,layer_29
drop_over_recovery_norm_asym,accuracy_zai-org/GLM-4.7-Flash,0,pooled,,72,-0.1278,0.2848,-0.1181,0.3231,layer_29
drop_over_recovery_abs_ratio,accuracy_majority,0,pooled,,72,0.0592,0.6215,0.0033,0.9778,layer_29
drop_over_recovery_abs_ratio,overall_score,0,pooled,,72,-0.1585,0.1835,-0.155,0.1934,layer_29
drop_over_recovery_abs_ratio,transfer_score,0,pooled,,72,-0.161,0.1767,-0.1629,0.1716,layer_29
drop_over_recovery_abs_ratio,transfer_score_str,0,pooled,,72,-0.0055,0.9632,-0.0334,0.7806,layer_29
drop_over_recovery_abs_ratio,overall_score_str,0,pooled,,72,0.1065,0.3734,0.0107,0.9291,layer_29
drop_over_recovery_abs_ratio,transfer_margin_str,0,pooled,,72,-0.1482,0.214,-0.1512,0.2049,layer_29
drop_over_recovery_abs_ratio,overall_margin_str,0,pooled,,72,-0.0061,0.9594,-0.0202,0.8661,layer_29
drop_over_recovery_abs_ratio,accuracy_gpt-5-mini,0,pooled,,72,0.1317,0.2703,0.0206,0.8638,layer_29
drop_over_recovery_abs_ratio,accuracy_meta-llama/Llama-3.3-70B-Instruct,0,pooled,,72,0.0225,0.851,0.0097,0.9354,layer_29
drop_over_recovery_abs_ratio,accuracy_zai-org/GLM-4.7-Flash,0,pooled,,72,0.0741,0.5363,0.0423,0.7245,layer_29
drop_over_recovery_signed_ratio,accuracy_majority,0,pooled,,72,-0.0159,0.8946,-0.0199,0.8681,layer_29
drop_over_recovery_signed_ratio,overall_score,0,pooled,,72,0.0308,0.7974,0.0169,0.8878,layer_29
drop_over_recovery_signed_ratio,transfer_score,0,pooled,,72,0.0053,0.9649,-0.0866,0.4694,layer_29
drop_over_recovery_signed_ratio,transfer_score_str,0,pooled,,72,-0.4419,0.0001,-0.4356,0.0001,layer_29
drop_over_recovery_signed_ratio,overall_score_str,0,pooled,,72,-0.0585,0.6253,-0.0038,0.9744,layer_29
drop_over_recovery_signed_ratio,transfer_margin_str,0,pooled,,72,-0.3482,0.0027,-0.3829,0.0009,layer_29
drop_over_recovery_signed_ratio,overall_margin_str,0,pooled,,72,-0.0528,0.6596,-0.0534,0.6557,layer_29
drop_over_recovery_signed_ratio,accuracy_gpt-5-mini,0,pooled,,72,-0.0297,0.8043,-0.036,0.7639,layer_29
drop_over_recovery_signed_ratio,accuracy_meta-llama/Llama-3.3-70B-Instruct,0,pooled,,72,0.048,0.6891,0.0643,0.5918,layer_29
drop_over_recovery_signed_ratio,accuracy_zai-org/GLM-4.7-Flash,0,pooled,,72,-0.1278,0.2848,-0.1025,0.3916,layer_29
drop_over_recovery_log_ratio,accuracy_majority,0,pooled,,72,-0.0159,0.8946,-0.0141,0.9065,layer_29
drop_over_recovery_log_ratio,overall_score,0,pooled,,72,0.0308,0.7974,0.0513,0.6687,layer_29
drop_over_recovery_log_ratio,transfer_score,0,pooled,,72,0.0053,0.9649,-0.0555,0.6435,layer_29
drop_over_recovery_log_ratio,transfer_score_str,0,pooled,,72,-0.4419,0.0001,-0.4364,0.0001,layer_29
drop_over_recovery_log_ratio,overall_score_str,0,pooled,,72,-0.0585,0.6253,-0.0004,0.9976,layer_29
drop_over_recovery_log_ratio,transfer_margin_str,0,pooled,,72,-0.3482,0.0027,-0.3558,0.0022,layer_29
drop_over_recovery_log_ratio,overall_margin_str,0,pooled,,72,-0.0528,0.6596,-0.0439,0.7144,layer_29
drop_over_recovery_log_ratio,accuracy_gpt-5-mini,0,pooled,,72,-0.0297,0.8043,-0.0338,0.7781,layer_29
drop_over_recovery_log_ratio,accuracy_meta-llama/Llama-3.3-70B-Instruct,0,pooled,,72,0.048,0.6891,0.0659,0.5822,layer_29
drop_over_recovery_log_ratio,accuracy_zai-org/GLM-4.7-Flash,0,pooled,,72,-0.1278,0.2848,-0.1157,0.3331,layer_29
alpha_abs_diff,accuracy_majority,0,per_ckpt,all,72,0.0437,0.7622,0.0218,0.9071,layer_29
alpha_abs_diff,overall_score,0,per_ckpt,all,72,-0.0849,0.6214,-0.11,0.3676,layer_29
alpha_abs_diff,transfer_score,0,per_ckpt,all,72,-0.0792,0.6364,-0.0888,0.4416,layer_29
alpha_abs_diff,transfer_score_str,0,per_ckpt,all,72,-0.191,0.3087,-0.1481,0.4256,layer_29
alpha_abs_diff,overall_score_str,0,per_ckpt,all,72,-0.0445,0.8501,-0.011,0.968,layer_29
alpha_abs_diff,transfer_margin_str,0,per_ckpt,all,72,-0.2937,0.0769,-0.2775,0.1099,layer_29
alpha_abs_diff,overall_margin_str,0,per_ckpt,all,72,-0.1838,0.4086,-0.102,0.6573,layer_29
alpha_abs_diff,accuracy_gpt-5-mini,0,per_ckpt,all,72,0.0445,0.7992,0.0049,0.974,layer_29
alpha_abs_diff,accuracy_meta-llama/Llama-3.3-70B-Instruct,0,per_ckpt,all,72,0.0226,0.8492,-0.0045,0.971,layer_29
alpha_abs_diff,accuracy_zai-org/GLM-4.7-Flash,0,per_ckpt,all,72,-0.0104,0.95,0.0193,0.9101,layer_29
alpha_signed_diff,accuracy_majority,0,per_ckpt,all,72,-0.1789,0.4236,-0.1481,0.4545,layer_29
alpha_signed_diff,overall_score,0,per_ckpt,all,72,-0.1068,0.6064,-0.084,0.7083,layer_29
alpha_signed_diff,transfer_score,0,per_ckpt,all,72,-0.1272,0.5415,-0.1639,0.4406,layer_29
alpha_signed_diff,transfer_score_str,0,per_ckpt,all,72,-0.4531,0.004,-0.4506,0.004,layer_29
alpha_signed_diff,overall_score_str,0,per_ckpt,all,72,-0.0995,0.5395,-0.049,0.7562,layer_29
alpha_signed_diff,transfer_margin_str,0,per_ckpt,all,72,-0.2166,0.4116,-0.2545,0.3337,layer_29
alpha_signed_diff,overall_margin_str,0,per_ckpt,all,72,-0.0013,0.995,-0.0066,0.966,layer_29
alpha_signed_diff,accuracy_gpt-5-mini,0,per_ckpt,all,72,-0.1464,0.5285,-0.1356,0.5015,layer_29
alpha_signed_diff,accuracy_meta-llama/Llama-3.3-70B-Instruct,0,per_ckpt,all,72,-0.097,0.5964,-0.0535,0.7353,layer_29
alpha_signed_diff,accuracy_zai-org/GLM-4.7-Flash,0,per_ckpt,all,72,-0.2704,0.2118,-0.2126,0.2887,layer_29
alpha_min,accuracy_majority,0,per_ckpt,all,72,0.1273,0.4645,0.1493,0.3536,layer_29
alpha_min,overall_score,0,per_ckpt,all,72,0.1092,0.6214,0.213,0.0889,layer_29
alpha_min,transfer_score,0,per_ckpt,all,72,0.0628,0.7802,0.0282,0.8102,layer_29
alpha_min,transfer_score_str,0,per_ckpt,all,72,0.2941,0.1908,0.283,0.1668,layer_29
alpha_min,overall_score_str,0,per_ckpt,all,72,0.388,0.1538,0.4327,0.0879,layer_29
alpha_min,transfer_margin_str,0,per_ckpt,all,72,0.2707,0.1978,0.2527,0.1908,layer_29
alpha_min,overall_margin_str,0,per_ckpt,all,72,0.6561,0.006,0.586,0.006,layer_29
alpha_min,accuracy_gpt-5-mini,0,per_ckpt,all,72,0.1132,0.5524,0.1383,0.3686,layer_29
alpha_min,accuracy_meta-llama/Llama-3.3-70B-Instruct,0,per_ckpt,all,72,0.061,0.6873,0.1095,0.3397,layer_29
alpha_min,accuracy_zai-org/GLM-4.7-Flash,0,per_ckpt,all,72,0.1391,0.4825,0.1586,0.3826,layer_29
alpha_max,accuracy_majority,0,per_ckpt,all,72,0.0874,0.6074,0.1063,0.5874,layer_29
alpha_max,overall_score,0,per_ckpt,all,72,0.0189,0.9331,0.0238,0.8691,layer_29
alpha_max,transfer_score,0,per_ckpt,all,72,-0.0088,0.954,-0.0641,0.5724,layer_29
alpha_max,transfer_score_str,0,per_ckpt,all,72,0.0384,0.8701,0.0298,0.9061,layer_29
alpha_max,overall_score_str,0,per_ckpt,all,72,0.2319,0.4096,0.2407,0.4336,layer_29
alpha_max,transfer_margin_str,0,per_ckpt,all,72,-0.1094,0.6194,-0.1049,0.6144,layer_29
alpha_max,overall_margin_str,0,per_ckpt,all,72,0.2548,0.3566,0.2471,0.3546,layer_29
alpha_max,accuracy_gpt-5-mini,0,per_ckpt,all,72,0.0638,0.7243,0.0846,0.6913,layer_29
alpha_max,accuracy_meta-llama/Llama-3.3-70B-Instruct,0,per_ckpt,all,72,0.0866,0.5185,0.0594,0.6633,layer_29
alpha_max,accuracy_zai-org/GLM-4.7-Flash,0,per_ckpt,all,72,0.0212,0.9141,0.1094,0.6324,layer_29
alpha_norm_asym,accuracy_majority,0,per_ckpt,all,72,-0.2179,0.3247,-0.2062,0.2907,layer_29
alpha_norm_asym,overall_score,0,per_ckpt,all,72,-0.0467,0.8122,-0.0367,0.8711,layer_29
alpha_norm_asym,transfer_score,0,per_ckpt,all,72,-0.0761,0.6963,-0.1416,0.5115,layer_29
alpha_norm_asym,transfer_score_str,0,per_ckpt,all,72,-0.4072,0.02,-0.3973,0.028,layer_29
alpha_norm_asym,overall_score_str,0,per_ckpt,all,72,-0.0817,0.6424,-0.0403,0.8032,layer_29
alpha_norm_asym,transfer_margin_str,0,per_ckpt,all,72,-0.0771,0.7782,-0.0811,0.7592,layer_29
alpha_norm_asym,overall_margin_str,0,per_ckpt,all,72,0.0779,0.6523,0.101,0.5365,layer_29
alpha_norm_asym,accuracy_gpt-5-mini,0,per_ckpt,all,72,-0.1732,0.4505,-0.1611,0.4535,layer_29
alpha_norm_asym,accuracy_meta-llama/Llama-3.3-70B-Instruct,0,per_ckpt,all,72,-0.1307,0.4645,-0.1032,0.4985,layer_29
alpha_norm_asym,accuracy_zai-org/GLM-4.7-Flash,0,per_ckpt,all,72,-0.319,0.1409,-0.2708,0.1648,layer_29
alpha_abs_ratio,accuracy_majority,0,per_ckpt,all,72,-0.097,0.5025,-0.1027,0.4675,layer_29
alpha_abs_ratio,overall_score,0,per_ckpt,all,72,-0.1652,0.3477,-0.1367,0.2747,layer_29
alpha_abs_ratio,transfer_score,0,per_ckpt,all,72,-0.1327,0.4346,0.0317,0.8142,layer_29
alpha_abs_ratio,transfer_score_str,0,per_ckpt,all,72,-0.3669,0.035,-0.2552,0.1748,layer_29
alpha_abs_ratio,overall_score_str,0,per_ckpt,all,72,-0.3012,0.1608,-0.2418,0.3207,layer_29
alpha_abs_ratio,transfer_margin_str,0,per_ckpt,all,72,-0.3978,0.006,-0.4125,0.007,layer_29
alpha_abs_ratio,overall_margin_str,0,per_ckpt,all,72,-0.5475,0.004,-0.4351,0.034,layer_29
alpha_abs_ratio,accuracy_gpt-5-mini,0,per_ckpt,all,72,-0.0994,0.5425,-0.1084,0.4515,layer_29
alpha_abs_ratio,accuracy_meta-llama/Llama-3.3-70B-Instruct,0,per_ckpt,all,72,-0.0828,0.4725,-0.1594,0.1558,layer_29
alpha_abs_ratio,accuracy_zai-org/GLM-4.7-Flash,0,per_ckpt,all,72,-0.1057,0.5425,-0.1102,0.5634,layer_29
alpha_signed_ratio,accuracy_majority,0,per_ckpt,all,72,-0.2179,0.3247,-0.2679,0.0819,layer_29
alpha_signed_ratio,overall_score,0,per_ckpt,all,72,-0.0467,0.8122,-0.1256,0.4226,layer_29
alpha_signed_ratio,transfer_score,0,per_ckpt,all,72,-0.0761,0.6963,-0.148,0.3666,layer_29
alpha_signed_ratio,transfer_score_str,0,per_ckpt,all,72,-0.4072,0.02,-0.4303,0.005,layer_29
alpha_signed_ratio,overall_score_str,0,per_ckpt,all,72,-0.0817,0.6424,-0.1913,0.1568,layer_29
alpha_signed_ratio,transfer_margin_str,0,per_ckpt,all,72,-0.0771,0.7782,-0.2266,0.1958,layer_29
alpha_signed_ratio,overall_margin_str,0,per_ckpt,all,72,0.0779,0.6523,-0.137,0.3077,layer_29
alpha_signed_ratio,accuracy_gpt-5-mini,0,per_ckpt,all,72,-0.1732,0.4505,-0.1941,0.2188,layer_29
alpha_signed_ratio,accuracy_meta-llama/Llama-3.3-70B-Instruct,0,per_ckpt,all,72,-0.1307,0.4645,-0.2042,0.1309,layer_29
alpha_signed_ratio,accuracy_zai-org/GLM-4.7-Flash,0,per_ckpt,all,72,-0.319,0.1409,-0.2565,0.1039,layer_29
alpha_log_ratio,accuracy_majority,0,per_ckpt,all,72,-0.2179,0.3247,-0.227,0.2488,layer_29
alpha_log_ratio,overall_score,0,per_ckpt,all,72,-0.0467,0.8122,-0.043,0.8352,layer_29
alpha_log_ratio,transfer_score,0,per_ckpt,all,72,-0.0761,0.6963,-0.1628,0.4545,layer_29
alpha_log_ratio,transfer_score_str,0,per_ckpt,all,72,-0.4072,0.02,-0.3927,0.028,layer_29
alpha_log_ratio,overall_score_str,0,per_ckpt,all,72,-0.0817,0.6424,-0.0501,0.7622,layer_29
alpha_log_ratio,transfer_margin_str,0,per_ckpt,all,72,-0.0771,0.7782,-0.0496,0.8681,layer_29
alpha_log_ratio,overall_margin_str,0,per_ckpt,all,72,0.0779,0.6523,0.1166,0.4735,layer_29
alpha_log_ratio,accuracy_gpt-5-mini,0,per_ckpt,all,72,-0.1732,0.4505,-0.1655,0.4496,layer_29
alpha_log_ratio,accuracy_meta-llama/Llama-3.3-70B-Instruct,0,per_ckpt,all,72,-0.1307,0.4645,-0.1153,0.4376,layer_29
alpha_log_ratio,accuracy_zai-org/GLM-4.7-Flash,0,per_ckpt,all,72,-0.319,0.1409,-0.2652,0.1828,layer_29
A_abs_diff,accuracy_majority,0,per_ckpt,all,72,-0.1493,0.2318,-0.211,0.1219,layer_29
A_abs_diff,overall_score,0,per_ckpt,all,72,-0.1103,0.4955,-0.1792,0.1159,layer_29
A_abs_diff,transfer_score,0,per_ckpt,all,72,-0.0802,0.6254,-0.0865,0.4396,layer_29
A_abs_diff,transfer_score_str,0,per_ckpt,all,72,-0.3899,0.022,-0.3588,0.037,layer_29
A_abs_diff,overall_score_str,0,per_ckpt,all,72,-0.4337,0.03,-0.447,0.024,layer_29
A_abs_diff,transfer_margin_str,0,per_ckpt,all,72,-0.1536,0.3686,-0.1827,0.2987,layer_29
A_abs_diff,overall_margin_str,0,per_ckpt,all,72,-0.5239,0.003,-0.4762,0.015,layer_29
A_abs_diff,accuracy_gpt-5-mini,0,per_ckpt,all,72,-0.1612,0.2248,-0.1987,0.1349,layer_29
A_abs_diff,accuracy_meta-llama/Llama-3.3-70B-Instruct,0,per_ckpt,all,72,-0.2028,0.0889,-0.1974,0.0689,layer_29
A_abs_diff,accuracy_zai-org/GLM-4.7-Flash,0,per_ckpt,all,72,-0.0508,0.7612,-0.0363,0.8052,layer_29
A_signed_diff,accuracy_majority,0,per_ckpt,all,72,-0.1022,0.6474,-0.0808,0.6783,layer_29
A_signed_diff,overall_score,0,per_ckpt,all,72,-0.0064,0.975,0.0318,0.8761,layer_29
A_signed_diff,transfer_score,0,per_ckpt,all,72,-0.0371,0.8621,-0.0777,0.7253,layer_29
A_signed_diff,transfer_score_str,0,per_ckpt,all,72,-0.3737,0.049,-0.3683,0.0609,layer_29
A_signed_diff,overall_score_str,0,per_ckpt,all,72,-0.1867,0.2468,-0.1371,0.3636,layer_29
A_signed_diff,transfer_margin_str,0,per_ckpt,all,72,0.0292,0.9241,0.0171,0.954,layer_29
A_signed_diff,overall_margin_str,0,per_ckpt,all,72,0.0297,0.8701,0.0362,0.8352,layer_29
A_signed_diff,accuracy_gpt-5-mini,0,per_ckpt,all,72,-0.0405,0.8671,-0.0215,0.9231,layer_29
A_signed_diff,accuracy_meta-llama/Llama-3.3-70B-Instruct,0,per_ckpt,all,72,-0.1081,0.5774,-0.0454,0.7792,layer_29
A_signed_diff,accuracy_zai-org/GLM-4.7-Flash,0,per_ckpt,all,72,-0.1343,0.5335,-0.0867,0.6763,layer_29
A_min,accuracy_majority,0,per_ckpt,all,72,0.2449,0.1349,0.2601,0.0739,layer_29
A_min,overall_score,0,per_ckpt,all,72,0.1204,0.5754,0.168,0.2038,layer_29
A_min,transfer_score,0,per_ckpt,all,72,0.0806,0.6903,0.0126,0.9121,layer_29
A_min,transfer_score_str,0,per_ckpt,all,72,0.1733,0.4366,0.1944,0.3686,layer_29
A_min,overall_score_str,0,per_ckpt,all,72,0.2677,0.3417,0.3327,0.2298,layer_29
A_min,transfer_margin_str,0,per_ckpt,all,72,0.1755,0.4386,0.2811,0.1718,layer_29
A_min,overall_margin_str,0,per_ckpt,all,72,0.4541,0.0809,0.4919,0.0609,layer_29
A_min,accuracy_gpt-5-mini,0,per_ckpt,all,72,0.2132,0.2248,0.2401,0.0769,layer_29
A_min,accuracy_meta-llama/Llama-3.3-70B-Instruct,0,per_ckpt,all,72,0.1419,0.3457,0.1735,0.1409,layer_29
A_min,accuracy_zai-org/GLM-4.7-Flash,0,per_ckpt,all,72,0.1983,0.3007,0.1899,0.3327,layer_29
A_max,accuracy_majority,0,per_ckpt,all,72,0.1172,0.4915,0.0779,0.6653,layer_29
A_max,overall_score,0,per_ckpt,all,72,-0.0108,0.965,-0.0019,0.99,layer_29
A_max,transfer_score,0,per_ckpt,all,72,-0.0399,0.8591,-0.089,0.4346,layer_29
A_max,transfer_score_str,0,per_ckpt,all,72,-0.1957,0.3676,-0.1862,0.4216,layer_29
A_max,overall_score_str,0,per_ckpt,all,72,-0.1534,0.6134,-0.1157,0.7143,layer_29
A_max,transfer_margin_str,0,per_ckpt,all,72,0.077,0.7413,0.1391,0.4945,layer_29
A_max,overall_margin_str,0,per_ckpt,all,72,-0.0065,0.976,0.0534,0.8092,layer_29
A_max,accuracy_gpt-5-mini,0,per_ckpt,all,72,0.1148,0.5425,0.067,0.7013,layer_29
A_max,accuracy_meta-llama/Llama-3.3-70B-Instruct,0,per_ckpt,all,72,0.0031,0.988,-0.0169,0.8811,layer_29
A_max,accuracy_zai-org/GLM-4.7-Flash,0,per_ckpt,all,72,0.1937,0.3227,0.1998,0.2767,layer_29
A_norm_asym,accuracy_majority,0,per_ckpt,all,72,-0.0997,0.6523,-0.0854,0.6583,layer_29
A_norm_asym,overall_score,0,per_ckpt,all,72,0.0116,0.951,0.0477,0.8222,layer_29
A_norm_asym,transfer_score,0,per_ckpt,all,72,-0.0186,0.9181,-0.0585,0.8042,layer_29
A_norm_asym,transfer_score_str,0,per_ckpt,all,72,-0.355,0.0679,-0.3421,0.0829,layer_29
A_norm_asym,overall_score_str,0,per_ckpt,all,72,-0.1461,0.3686,-0.0913,0.5584,layer_29
A_norm_asym,transfer_margin_str,0,per_ckpt,all,72,0.0112,0.964,0.0066,0.979,layer_29
A_norm_asym,overall_margin_str,0,per_ckpt,all,72,0.0493,0.7622,0.0657,0.6843,layer_29
A_norm_asym,accuracy_gpt-5-mini,0,per_ckpt,all,72,-0.03,0.9261,-0.0137,0.9331,layer_29
A_norm_asym,accuracy_meta-llama/Llama-3.3-70B-Instruct,0,per_ckpt,all,72,-0.0938,0.6104,-0.0332,0.8342,layer_29
A_norm_asym,accuracy_zai-org/GLM-4.7-Flash,0,per_ckpt,all,72,-0.1435,0.5145,-0.0978,0.6474,layer_29
A_abs_ratio,accuracy_majority,0,per_ckpt,all,72,-0.1879,0.1758,-0.2234,0.0829,layer_29
A_abs_ratio,overall_score,0,per_ckpt,all,72,-0.1149,0.5165,-0.1696,0.1319,layer_29
A_abs_ratio,transfer_score,0,per_ckpt,all,72,-0.0801,0.6414,-0.0841,0.4745,layer_29
A_abs_ratio,transfer_score_str,0,per_ckpt,all,72,-0.3467,0.0689,-0.2665,0.1638,layer_29
A_abs_ratio,overall_score_str,0,per_ckpt,all,72,-0.4126,0.0659,-0.3753,0.0869,layer_29
A_abs_ratio,transfer_margin_str,0,per_ckpt,all,72,-0.1877,0.3157,-0.1682,0.3596,layer_29
A_abs_ratio,overall_margin_str,0,per_ckpt,all,72,-0.5486,0.007,-0.4264,0.0519,layer_29
A_abs_ratio,accuracy_gpt-5-mini,0,per_ckpt,all,72,-0.1972,0.1798,-0.2003,0.1189,layer_29
A_abs_ratio,accuracy_meta-llama/Llama-3.3-70B-Instruct,0,per_ckpt,all,72,-0.1917,0.1359,-0.1492,0.1928,layer_29
A_abs_ratio,accuracy_zai-org/GLM-4.7-Flash,0,per_ckpt,all,72,-0.0893,0.6044,-0.0774,0.6743,layer_29
A_signed_ratio,accuracy_majority,0,per_ckpt,all,72,-0.0997,0.6523,-0.1377,0.4585,layer_29
A_signed_ratio,overall_score,0,per_ckpt,all,72,0.0116,0.951,-0.0068,0.974,layer_29
A_signed_ratio,transfer_score,0,per_ckpt,all,72,-0.0186,0.9181,-0.0743,0.7203,layer_29
A_signed_ratio,transfer_score_str,0,per_ckpt,all,72,-0.355,0.0679,-0.4029,0.035,layer_29
A_signed_ratio,overall_score_str,0,per_ckpt,all,72,-0.1461,0.3686,-0.2004,0.0819,layer_29
A_signed_ratio,transfer_margin_str,0,per_ckpt,all,72,0.0112,0.964,-0.0557,0.7912,layer_29
A_signed_ratio,overall_margin_str,0,per_ckpt,all,72,0.0493,0.7622,-0.0782,0.5455,layer_29
A_signed_ratio,accuracy_gpt-5-mini,0,per_ckpt,all,72,-0.03,0.9261,-0.0621,0.7522,layer_29
A_signed_ratio,accuracy_meta-llama/Llama-3.3-70B-Instruct,0,per_ckpt,all,72,-0.0938,0.6104,-0.0431,0.7832,layer_29
A_signed_ratio,accuracy_zai-org/GLM-4.7-Flash,0,per_ckpt,all,72,-0.1435,0.5145,-0.0927,0.6204,layer_29
A_log_ratio,accuracy_majority,0,per_ckpt,all,72,-0.0997,0.6523,-0.0812,0.6763,layer_29
A_log_ratio,overall_score,0,per_ckpt,all,72,0.0116,0.951,0.0489,0.8152,layer_29
A_log_ratio,transfer_score,0,per_ckpt,all,72,-0.0186,0.9181,-0.0536,0.8172,layer_29
A_log_ratio,transfer_score_str,0,per_ckpt,all,72,-0.355,0.0679,-0.3429,0.0769,layer_29
A_log_ratio,overall_score_str,0,per_ckpt,all,72,-0.1461,0.3686,-0.091,0.5614,layer_29
A_log_ratio,transfer_margin_str,0,per_ckpt,all,72,0.0112,0.964,0.0017,0.996,layer_29
A_log_ratio,overall_margin_str,0,per_ckpt,all,72,0.0493,0.7622,0.0622,0.6973,layer_29
A_log_ratio,accuracy_gpt-5-mini,0,per_ckpt,all,72,-0.03,0.9261,-0.0101,0.956,layer_29
A_log_ratio,accuracy_meta-llama/Llama-3.3-70B-Instruct,0,per_ckpt,all,72,-0.0938,0.6104,-0.024,0.8821,layer_29
A_log_ratio,accuracy_zai-org/GLM-4.7-Flash,0,per_ckpt,all,72,-0.1435,0.5145,-0.0908,0.6853,layer_29
drop_to_min_abs_diff,accuracy_majority,0,per_ckpt,all,72,-0.1093,0.3816,-0.1696,0.2348,layer_29
drop_to_min_abs_diff,overall_score,0,per_ckpt,all,72,-0.0968,0.5714,-0.1567,0.1838,layer_29
drop_to_min_abs_diff,transfer_score,0,per_ckpt,all,72,-0.0757,0.6434,-0.0898,0.4156,layer_29
drop_to_min_abs_diff,transfer_score_str,0,per_ckpt,all,72,-0.3613,0.032,-0.3279,0.0659,layer_29
drop_to_min_abs_diff,overall_score_str,0,per_ckpt,all,72,-0.4046,0.044,-0.4127,0.0529,layer_29
drop_to_min_abs_diff,transfer_margin_str,0,per_ckpt,all,72,-0.182,0.2927,-0.1943,0.2827,layer_29
drop_to_min_abs_diff,overall_margin_str,0,per_ckpt,all,72,-0.5176,0.003,-0.458,0.022,layer_29
drop_to_min_abs_diff,accuracy_gpt-5-mini,0,per_ckpt,all,72,-0.1212,0.3616,-0.1596,0.2288,layer_29
drop_to_min_abs_diff,accuracy_meta-llama/Llama-3.3-70B-Instruct,0,per_ckpt,all,72,-0.1531,0.1878,-0.175,0.1099,layer_29
drop_to_min_abs_diff,accuracy_zai-org/GLM-4.7-Flash,0,per_ckpt,all,72,-0.0119,0.9411,0.0094,0.9481,layer_29
drop_to_min_signed_diff,accuracy_majority,0,per_ckpt,all,72,-0.0878,0.7073,-0.0511,0.7922,layer_29
drop_to_min_signed_diff,overall_score,0,per_ckpt,all,72,0.0331,0.8771,0.0687,0.7323,layer_29
drop_to_min_signed_diff,transfer_score,0,per_ckpt,all,72,0.0023,0.993,-0.0419,0.8601,layer_29
drop_to_min_signed_diff,transfer_score_str,0,per_ckpt,all,72,-0.3616,0.0609,-0.3529,0.0789,layer_29
drop_to_min_signed_diff,overall_score_str,0,per_ckpt,all,72,-0.1602,0.3217,-0.1183,0.4346,layer_29
drop_to_min_signed_diff,transfer_margin_str,0,per_ckpt,all,72,-0.0055,0.985,-0.0117,0.966,layer_29
drop_to_min_signed_diff,overall_margin_str,0,per_ckpt,all,72,0.0281,0.8721,0.0309,0.8541,layer_29
drop_to_min_signed_diff,accuracy_gpt-5-mini,0,per_ckpt,all,72,-0.0221,0.9231,0.0086,0.965,layer_29
drop_to_min_signed_diff,accuracy_meta-llama/Llama-3.3-70B-Instruct,0,per_ckpt,all,72,-0.0921,0.6384,-0.0248,0.8971,layer_29
drop_to_min_signed_diff,accuracy_zai-org/GLM-4.7-Flash,0,per_ckpt,all,72,-0.1277,0.5624,-0.0675,0.7652,layer_29
drop_to_min_min,accuracy_majority,0,per_ckpt,all,72,0.2449,0.1349,0.253,0.0989,layer_29
drop_to_min_min,overall_score,0,per_ckpt,all,72,0.1204,0.5754,0.1658,0.2118,layer_29
drop_to_min_min,transfer_score,0,per_ckpt,all,72,0.0806,0.6903,0.0171,0.8841,layer_29
drop_to_min_min,transfer_score_str,0,per_ckpt,all,72,0.1733,0.4366,0.1981,0.3686,layer_29
drop_to_min_min,overall_score_str,0,per_ckpt,all,72,0.2677,0.3417,0.3377,0.2228,layer_29
drop_to_min_min,transfer_margin_str,0,per_ckpt,all,72,0.1755,0.4386,0.2712,0.1868,layer_29
drop_to_min_min,overall_margin_str,0,per_ckpt,all,72,0.4541,0.0809,0.4893,0.0619,layer_29
drop_to_min_min,accuracy_gpt-5-mini,0,per_ckpt,all,72,0.2132,0.2248,0.235,0.0849,layer_29
drop_to_min_min,accuracy_meta-llama/Llama-3.3-70B-Instruct,0,per_ckpt,all,72,0.1419,0.3457,0.163,0.1768,layer_29
drop_to_min_min,accuracy_zai-org/GLM-4.7-Flash,0,per_ckpt,all,72,0.1983,0.3007,0.1853,0.3506,layer_29
drop_to_min_max,accuracy_majority,0,per_ckpt,all,72,0.1172,0.4915,0.1139,0.4975,layer_29
drop_to_min_max,overall_score,0,per_ckpt,all,72,-0.0108,0.965,0.0197,0.8971,layer_29
drop_to_min_max,transfer_score,0,per_ckpt,all,72,-0.0399,0.8591,-0.0868,0.4605,layer_29
drop_to_min_max,transfer_score_str,0,per_ckpt,all,72,-0.1957,0.3676,-0.1459,0.5495,layer_29
drop_to_min_max,overall_score_str,0,per_ckpt,all,72,-0.1534,0.6134,-0.0725,0.8322,layer_29
drop_to_min_max,transfer_margin_str,0,per_ckpt,all,72,0.077,0.7413,0.107,0.6084,layer_29
drop_to_min_max,overall_margin_str,0,per_ckpt,all,72,-0.0065,0.976,0.0635,0.7872,layer_29
drop_to_min_max,accuracy_gpt-5-mini,0,per_ckpt,all,72,0.1148,0.5425,0.1033,0.5355,layer_29
drop_to_min_max,accuracy_meta-llama/Llama-3.3-70B-Instruct,0,per_ckpt,all,72,0.0031,0.988,-0.0058,0.964,layer_29
drop_to_min_max,accuracy_zai-org/GLM-4.7-Flash,0,per_ckpt,all,72,0.1937,0.3227,0.2444,0.1808,layer_29
drop_to_min_norm_asym,accuracy_majority,0,per_ckpt,all,72,-0.0909,0.6773,-0.0615,0.7542,layer_29
drop_to_min_norm_asym,overall_score,0,per_ckpt,all,72,0.0347,0.8561,0.0767,0.7043,layer_29
drop_to_min_norm_asym,transfer_score,0,per_ckpt,all,72,0.0036,0.987,-0.0284,0.8971,layer_29
drop_to_min_norm_asym,transfer_score_str,0,per_ckpt,all,72,-0.3493,0.0709,-0.3301,0.0969,layer_29
drop_to_min_norm_asym,overall_score_str,0,per_ckpt,all,72,-0.1307,0.4216,-0.0766,0.6394,layer_29
drop_to_min_norm_asym,transfer_margin_str,0,per_ckpt,all,72,-0.0159,0.9471,-0.0178,0.9441,layer_29
drop_to_min_norm_asym,overall_margin_str,0,per_ckpt,all,72,0.0471,0.7822,0.06,0.7153,layer_29
drop_to_min_norm_asym,accuracy_gpt-5-mini,0,per_ckpt,all,72,-0.022,0.9441,0.0107,0.954,layer_29
drop_to_min_norm_asym,accuracy_meta-llama/Llama-3.3-70B-Instruct,0,per_ckpt,all,72,-0.0855,0.6474,-0.0163,0.9201,layer_29
drop_to_min_norm_asym,accuracy_zai-org/GLM-4.7-Flash,0,per_ckpt,all,72,-0.1414,0.5175,-0.0823,0.7153,layer_29
drop_to_min_abs_ratio,accuracy_majority,0,per_ckpt,all,72,-0.1537,0.2707,-0.2002,0.1499,layer_29
drop_to_min_abs_ratio,overall_score,0,per_ckpt,all,72,-0.0968,0.5884,-0.1557,0.1848,layer_29
drop_to_min_abs_ratio,transfer_score,0,per_ckpt,all,72,-0.0674,0.6983,-0.0866,0.4705,layer_29
drop_to_min_abs_ratio,transfer_score_str,0,per_ckpt,all,72,-0.3368,0.0819,-0.2405,0.2218,layer_29
drop_to_min_abs_ratio,overall_score_str,0,per_ckpt,all,72,-0.4021,0.0769,-0.3507,0.1359,layer_29
drop_to_min_abs_ratio,transfer_margin_str,0,per_ckpt,all,72,-0.2073,0.2827,-0.1626,0.3796,layer_29
drop_to_min_abs_ratio,overall_margin_str,0,per_ckpt,all,72,-0.5493,0.008,-0.4039,0.0859,layer_29
drop_to_min_abs_ratio,accuracy_gpt-5-mini,0,per_ckpt,all,72,-0.1608,0.2977,-0.1791,0.1788,layer_29
drop_to_min_abs_ratio,accuracy_meta-llama/Llama-3.3-70B-Instruct,0,per_ckpt,all,72,-0.1565,0.2078,-0.1331,0.2418,layer_29
drop_to_min_abs_ratio,accuracy_zai-org/GLM-4.7-Flash,0,per_ckpt,all,72,-0.054,0.7612,-0.0504,0.7792,layer_29
drop_to_min_signed_ratio,accuracy_majority,0,per_ckpt,all,72,-0.0909,0.6773,-0.1093,0.5574,layer_29
drop_to_min_signed_ratio,overall_score,0,per_ckpt,all,72,0.0347,0.8561,0.0214,0.8971,layer_29
drop_to_min_signed_ratio,transfer_score,0,per_ckpt,all,72,0.0036,0.987,-0.0478,0.8232,layer_29
drop_to_min_signed_ratio,transfer_score_str,0,per_ckpt,all,72,-0.3493,0.0709,-0.3824,0.047,layer_29
drop_to_min_signed_ratio,overall_score_str,0,per_ckpt,all,72,-0.1307,0.4216,-0.1799,0.1289,layer_29
drop_to_min_signed_ratio,transfer_margin_str,0,per_ckpt,all,72,-0.0159,0.9471,-0.0749,0.7253,layer_29
drop_to_min_signed_ratio,overall_margin_str,0,per_ckpt,all,72,0.0471,0.7822,-0.0766,0.5504,layer_29
drop_to_min_signed_ratio,accuracy_gpt-5-mini,0,per_ckpt,all,72,-0.022,0.9441,-0.0342,0.8541,layer_29
drop_to_min_signed_ratio,accuracy_meta-llama/Llama-3.3-70B-Instruct,0,per_ckpt,all,72,-0.0855,0.6474,-0.0233,0.8711,layer_29
drop_to_min_signed_ratio,accuracy_zai-org/GLM-4.7-Flash,0,per_ckpt,all,72,-0.1414,0.5175,-0.0689,0.7263,layer_29
drop_to_min_log_ratio,accuracy_majority,0,per_ckpt,all,72,-0.0909,0.6773,-0.0572,0.7832,layer_29
drop_to_min_log_ratio,overall_score,0,per_ckpt,all,72,0.0347,0.8561,0.0773,0.6993,layer_29
drop_to_min_log_ratio,transfer_score,0,per_ckpt,all,72,0.0036,0.987,-0.0237,0.9131,layer_29
drop_to_min_log_ratio,transfer_score_str,0,per_ckpt,all,72,-0.3493,0.0709,-0.3308,0.0979,layer_29
drop_to_min_log_ratio,overall_score_str,0,per_ckpt,all,72,-0.1307,0.4216,-0.0763,0.6424,layer_29
drop_to_min_log_ratio,transfer_margin_str,0,per_ckpt,all,72,-0.0159,0.9471,-0.0226,0.9321,layer_29
drop_to_min_log_ratio,overall_margin_str,0,per_ckpt,all,72,0.0471,0.7822,0.0565,0.7303,layer_29
drop_to_min_log_ratio,accuracy_gpt-5-mini,0,per_ckpt,all,72,-0.022,0.9441,0.0143,0.9481,layer_29
drop_to_min_log_ratio,accuracy_meta-llama/Llama-3.3-70B-Instruct,0,per_ckpt,all,72,-0.0855,0.6474,-0.0071,0.96,layer_29
drop_to_min_log_ratio,accuracy_zai-org/GLM-4.7-Flash,0,per_ckpt,all,72,-0.1414,0.5175,-0.0748,0.7562,layer_29
recovery_abs_diff,accuracy_majority,0,per_ckpt,all,72,-0.147,0.1728,-0.1489,0.2178,layer_29
recovery_abs_diff,overall_score,0,per_ckpt,all,72,-0.1225,0.3886,-0.1182,0.2917,layer_29
recovery_abs_diff,transfer_score,0,per_ckpt,all,72,-0.1254,0.3846,-0.1114,0.3307,layer_29
recovery_abs_diff,transfer_score_str,0,per_ckpt,all,72,-0.1049,0.4785,-0.1389,0.3686,layer_29
recovery_abs_diff,overall_score_str,0,per_ckpt,all,72,-0.1054,0.5395,-0.123,0.4975,layer_29
recovery_abs_diff,transfer_margin_str,0,per_ckpt,all,72,0.0495,0.7153,0.0417,0.7592,layer_29
recovery_abs_diff,overall_margin_str,0,per_ckpt,all,72,-0.0622,0.7263,-0.1038,0.5744,layer_29
recovery_abs_diff,accuracy_gpt-5-mini,0,per_ckpt,all,72,-0.1977,0.0899,-0.1793,0.1349,layer_29
recovery_abs_diff,accuracy_meta-llama/Llama-3.3-70B-Instruct,0,per_ckpt,all,72,-0.0104,0.9131,-0.039,0.6863,layer_29
recovery_abs_diff,accuracy_zai-org/GLM-4.7-Flash,0,per_ckpt,all,72,-0.13,0.2967,-0.1122,0.3736,layer_29
recovery_signed_diff,accuracy_majority,0,per_ckpt,all,72,-0.1038,0.6394,-0.0979,0.6124,layer_29
recovery_signed_diff,overall_score,0,per_ckpt,all,72,0.0091,0.982,0.0281,0.8851,layer_29
recovery_signed_diff,transfer_score,0,per_ckpt,all,72,0.0007,0.997,-0.0011,0.995,layer_29
recovery_signed_diff,transfer_score_str,0,per_ckpt,all,72,-0.0192,0.9271,-0.0129,0.9461,layer_29
recovery_signed_diff,overall_score_str,0,per_ckpt,all,72,-0.1427,0.3866,-0.1396,0.3477,layer_29
recovery_signed_diff,transfer_margin_str,0,per_ckpt,all,72,0.3828,0.1309,0.4142,0.0939,layer_29
recovery_signed_diff,overall_margin_str,0,per_ckpt,all,72,0.1229,0.4286,0.1342,0.3916,layer_29
recovery_signed_diff,accuracy_gpt-5-mini,0,per_ckpt,all,72,0.0258,0.9141,0.0396,0.8392,layer_29
recovery_signed_diff,accuracy_meta-llama/Llama-3.3-70B-Instruct,0,per_ckpt,all,72,-0.1366,0.4785,-0.1147,0.4356,layer_29
recovery_signed_diff,accuracy_zai-org/GLM-4.7-Flash,0,per_ckpt,all,72,-0.0372,0.8611,-0.0021,0.99,layer_29
recovery_min,accuracy_majority,0,per_ckpt,all,72,0.1281,0.4476,0.1495,0.4136,layer_29
recovery_min,overall_score,0,per_ckpt,all,72,0.0508,0.8092,0.117,0.3956,layer_29
recovery_min,transfer_score,0,per_ckpt,all,72,0.0498,0.7962,0.1038,0.3676,layer_29
recovery_min,transfer_score_str,0,per_ckpt,all,72,-0.0606,0.7842,0.0458,0.8212,layer_29
recovery_min,overall_score_str,0,per_ckpt,all,72,-0.1193,0.6593,-0.0298,0.8991,layer_29
recovery_min,transfer_margin_str,0,per_ckpt,all,72,0.2402,0.2458,0.3556,0.0559,layer_29
recovery_min,overall_margin_str,0,per_ckpt,all,72,0.0708,0.8042,0.1717,0.5524,layer_29
recovery_min,accuracy_gpt-5-mini,0,per_ckpt,all,72,0.1391,0.4436,0.1898,0.2408,layer_29
recovery_min,accuracy_meta-llama/Llama-3.3-70B-Instruct,0,per_ckpt,all,72,0.0474,0.7502,0.1144,0.3417,layer_29
recovery_min,accuracy_zai-org/GLM-4.7-Flash,0,per_ckpt,all,72,0.064,0.7433,0.1056,0.5095,layer_29
recovery_max,accuracy_majority,0,per_ckpt,all,72,-0.0331,0.8611,-0.0024,0.988,layer_29
recovery_max,overall_score,0,per_ckpt,all,72,-0.044,0.8212,-0.0037,0.971,layer_29
recovery_max,transfer_score,0,per_ckpt,all,72,-0.0438,0.8232,-0.0103,0.9101,layer_29
recovery_max,transfer_score_str,0,per_ckpt,all,72,-0.1689,0.4535,-0.1008,0.6553,layer_29
recovery_max,overall_score_str,0,per_ckpt,all,72,-0.276,0.3327,-0.1634,0.5604,layer_29
recovery_max,transfer_margin_str,0,per_ckpt,all,72,0.4014,0.029,0.4192,0.012,layer_29
recovery_max,overall_margin_str,0,per_ckpt,all,72,-0.0004,0.998,0.0693,0.8022,layer_29
recovery_max,accuracy_gpt-5-mini,0,per_ckpt,all,72,-0.0376,0.8611,0.0074,0.961,layer_29
recovery_max,accuracy_meta-llama/Llama-3.3-70B-Instruct,0,per_ckpt,all,72,0.0457,0.7353,0.0786,0.5205,layer_29
recovery_max,accuracy_zai-org/GLM-4.7-Flash,0,per_ckpt,all,72,-0.0637,0.7692,-0.0093,0.966,layer_29
recovery_norm_asym,accuracy_majority,0,per_ckpt,all,72,-0.0825,0.7103,-0.0754,0.7043,layer_29
recovery_norm_asym,overall_score,0,per_ckpt,all,72,0.0293,0.9231,0.0604,0.7782,layer_29
recovery_norm_asym,transfer_score,0,per_ckpt,all,72,0.0208,0.9361,0.0275,0.8661,layer_29
recovery_norm_asym,transfer_score_str,0,per_ckpt,all,72,-0.0014,0.999,-0.0029,0.991,layer_29
recovery_norm_asym,overall_score_str,0,per_ckpt,all,72,-0.1256,0.4346,-0.1191,0.4256,layer_29
recovery_norm_asym,transfer_margin_str,0,per_ckpt,all,72,0.375,0.1379,0.3853,0.1279,layer_29
recovery_norm_asym,overall_margin_str,0,per_ckpt,all,72,0.1261,0.4066,0.1413,0.3776,layer_29
recovery_norm_asym,accuracy_gpt-5-mini,0,per_ckpt,all,72,0.0468,0.8372,0.0617,0.7652,layer_29
recovery_norm_asym,accuracy_meta-llama/Llama-3.3-70B-Instruct,0,per_ckpt,all,72,-0.1168,0.5485,-0.0914,0.5365,layer_29
recovery_norm_asym,accuracy_zai-org/GLM-4.7-Flash,0,per_ckpt,all,72,-0.0153,0.9411,0.0192,0.9211,layer_29
recovery_abs_ratio,accuracy_majority,0,per_ckpt,all,72,-0.1364,0.2018,-0.1572,0.2038,layer_29
recovery_abs_ratio,overall_score,0,per_ckpt,all,72,-0.1101,0.4096,-0.1032,0.3596,layer_29
recovery_abs_ratio,transfer_score,0,per_ckpt,all,72,-0.1169,0.3676,-0.0954,0.4146,layer_29
recovery_abs_ratio,transfer_score_str,0,per_ckpt,all,72,-0.0682,0.6474,-0.1146,0.4545,layer_29
recovery_abs_ratio,overall_score_str,0,per_ckpt,all,72,-0.0519,0.7493,-0.1004,0.6094,layer_29
recovery_abs_ratio,transfer_margin_str,0,per_ckpt,all,72,-0.0259,0.8472,-0.0152,0.9231,layer_29
recovery_abs_ratio,overall_margin_str,0,per_ckpt,all,72,-0.067,0.6983,-0.1185,0.5195,layer_29
recovery_abs_ratio,accuracy_gpt-5-mini,0,per_ckpt,all,72,-0.1704,0.1429,-0.1733,0.1508,layer_29
recovery_abs_ratio,accuracy_meta-llama/Llama-3.3-70B-Instruct,0,per_ckpt,all,72,-0.0089,0.9351,-0.0488,0.6244,layer_29
recovery_abs_ratio,accuracy_zai-org/GLM-4.7-Flash,0,per_ckpt,all,72,-0.1158,0.3417,-0.1096,0.4116,layer_29
recovery_signed_ratio,accuracy_majority,0,per_ckpt,all,72,-0.0825,0.7103,-0.0988,0.6154,layer_29
recovery_signed_ratio,overall_score,0,per_ckpt,all,72,0.0293,0.9231,0.0407,0.8352,layer_29
recovery_signed_ratio,transfer_score,0,per_ckpt,all,72,0.0208,0.9361,0.0145,0.9331,layer_29
recovery_signed_ratio,transfer_score_str,0,per_ckpt,all,72,-0.0014,0.999,-0.0311,0.8831,layer_29
recovery_signed_ratio,overall_score_str,0,per_ckpt,all,72,-0.1256,0.4346,-0.1411,0.3017,layer_29
recovery_signed_ratio,transfer_margin_str,0,per_ckpt,all,72,0.375,0.1379,0.3718,0.1209,layer_29
recovery_signed_ratio,overall_margin_str,0,per_ckpt,all,72,0.1261,0.4066,0.1098,0.4735,layer_29
recovery_signed_ratio,accuracy_gpt-5-mini,0,per_ckpt,all,72,0.0468,0.8372,0.0306,0.8801,layer_29
recovery_signed_ratio,accuracy_meta-llama/Llama-3.3-70B-Instruct,0,per_ckpt,all,72,-0.1168,0.5485,-0.0931,0.5445,layer_29
recovery_signed_ratio,accuracy_zai-org/GLM-4.7-Flash,0,per_ckpt,all,72,-0.0153,0.9411,-0.0037,0.989,layer_29
recovery_log_ratio,accuracy_majority,0,per_ckpt,all,72,-0.0825,0.7103,-0.073,0.7173,layer_29
recovery_log_ratio,overall_score,0,per_ckpt,all,72,0.0293,0.9231,0.0607,0.7752,layer_29
recovery_log_ratio,transfer_score,0,per_ckpt,all,72,0.0208,0.9361,0.0282,0.8631,layer_29
recovery_log_ratio,transfer_score_str,0,per_ckpt,all,72,-0.0014,0.999,-0.0041,0.987,layer_29
recovery_log_ratio,overall_score_str,0,per_ckpt,all,72,-0.1256,0.4346,-0.1191,0.4246,layer_29
recovery_log_ratio,transfer_margin_str,0,per_ckpt,all,72,0.375,0.1379,0.3836,0.1319,layer_29
recovery_log_ratio,overall_margin_str,0,per_ckpt,all,72,0.1261,0.4066,0.1402,0.3806,layer_29
recovery_log_ratio,accuracy_gpt-5-mini,0,per_ckpt,all,72,0.0468,0.8372,0.0622,0.7622,layer_29
recovery_log_ratio,accuracy_meta-llama/Llama-3.3-70B-Instruct,0,per_ckpt,all,72,-0.1168,0.5485,-0.0887,0.5514,layer_29
recovery_log_ratio,accuracy_zai-org/GLM-4.7-Flash,0,per_ckpt,all,72,-0.0153,0.9411,0.0191,0.9201,layer_29
drop_minus_recovery_abs_diff,accuracy_majority,0,per_ckpt,all,72,-0.0229,0.8452,-0.0879,0.5185,layer_29
drop_minus_recovery_abs_diff,overall_score,0,per_ckpt,all,72,-0.1384,0.3536,-0.1754,0.1179,layer_29
drop_minus_recovery_abs_diff,transfer_score,0,per_ckpt,all,72,-0.1322,0.3736,-0.1496,0.1678,layer_29
drop_minus_recovery_abs_diff,transfer_score_str,0,per_ckpt,all,72,-0.2261,0.1758,-0.2329,0.1918,layer_29
drop_minus_recovery_abs_diff,overall_score_str,0,per_ckpt,all,72,-0.2231,0.2647,-0.2804,0.1878,layer_29
drop_minus_recovery_abs_diff,transfer_margin_str,0,per_ckpt,all,72,-0.1367,0.3606,-0.1747,0.2977,layer_29
drop_minus_recovery_abs_diff,overall_margin_str,0,per_ckpt,all,72,-0.3224,0.1019,-0.3064,0.1399,layer_29
drop_minus_recovery_abs_diff,accuracy_gpt-5-mini,0,per_ckpt,all,72,0.0225,0.8781,-0.0553,0.6643,layer_29
drop_minus_recovery_abs_diff,accuracy_meta-llama/Llama-3.3-70B-Instruct,0,per_ckpt,all,72,-0.0327,0.7752,-0.0968,0.3716,layer_29
drop_minus_recovery_abs_diff,accuracy_zai-org/GLM-4.7-Flash,0,per_ckpt,all,72,0.0146,0.9271,0.0707,0.6274,layer_29
drop_minus_recovery_signed_diff,accuracy_majority,0,per_ckpt,all,72,-0.0361,0.8701,-0.023,0.9071,layer_29
drop_minus_recovery_signed_diff,overall_score,0,per_ckpt,all,72,0.053,0.7992,0.0695,0.7443,layer_29
drop_minus_recovery_signed_diff,transfer_score,0,per_ckpt,all,72,0.0216,0.9211,-0.0483,0.8212,layer_29
drop_minus_recovery_signed_diff,transfer_score_str,0,per_ckpt,all,72,-0.4193,0.017,-0.4057,0.031,layer_29
drop_minus_recovery_signed_diff,overall_score_str,0,per_ckpt,all,72,-0.139,0.3896,-0.0857,0.5784,layer_29
drop_minus_recovery_signed_diff,transfer_margin_str,0,per_ckpt,all,72,-0.1555,0.5644,-0.1677,0.5195,layer_29
drop_minus_recovery_signed_diff,overall_margin_str,0,per_ckpt,all,72,-0.0172,0.9051,-0.014,0.9321,layer_29
drop_minus_recovery_signed_diff,accuracy_gpt-5-mini,0,per_ckpt,all,72,-0.0216,0.9181,-0.0047,0.979,layer_29
drop_minus_recovery_signed_diff,accuracy_meta-llama/Llama-3.3-70B-Instruct,0,per_ckpt,all,72,-0.0189,0.9101,0.0138,0.9271,layer_29
drop_minus_recovery_signed_diff,accuracy_zai-org/GLM-4.7-Flash,0,per_ckpt,all,72,-0.1106,0.6264,-0.0778,0.7043,layer_29
drop_minus_recovery_min,accuracy_majority,0,per_ckpt,all,72,0.2112,0.1988,0.2535,0.1049,layer_29
drop_minus_recovery_min,overall_score,0,per_ckpt,all,72,0.1253,0.5524,0.1965,0.1249,layer_29
drop_minus_recovery_min,transfer_score,0,per_ckpt,all,72,0.0858,0.6553,0.0263,0.8212,layer_29
drop_minus_recovery_min,transfer_score_str,0,per_ckpt,all,72,0.1839,0.4056,0.1925,0.3636,layer_29
drop_minus_recovery_min,overall_score_str,0,per_ckpt,all,72,0.304,0.2797,0.3813,0.1588,layer_29
drop_minus_recovery_min,transfer_margin_str,0,per_ckpt,all,72,0.1447,0.5195,0.1866,0.3776,layer_29
drop_minus_recovery_min,overall_margin_str,0,per_ckpt,all,72,0.4976,0.045,0.4882,0.0539,layer_29
drop_minus_recovery_min,accuracy_gpt-5-mini,0,per_ckpt,all,72,0.1721,0.3307,0.2077,0.1648,layer_29
drop_minus_recovery_min,accuracy_meta-llama/Llama-3.3-70B-Instruct,0,per_ckpt,all,72,0.0842,0.5594,0.1228,0.2977,layer_29
drop_minus_recovery_min,accuracy_zai-org/GLM-4.7-Flash,0,per_ckpt,all,72,0.1842,0.3427,0.2027,0.2797,layer_29
drop_minus_recovery_max,accuracy_majority,0,per_ckpt,all,72,0.1627,0.3087,0.1435,0.3876,layer_29
drop_minus_recovery_max,overall_score,0,per_ckpt,all,72,-0.0198,0.9211,0.006,0.963,layer_29
drop_minus_recovery_max,transfer_score,0,per_ckpt,all,72,-0.0493,0.8002,-0.1228,0.2897,layer_29
drop_minus_recovery_max,transfer_score_str,0,per_ckpt,all,72,-0.0038,0.983,-0.054,0.8282,layer_29
drop_minus_recovery_max,overall_score_str,0,per_ckpt,all,72,0.1424,0.6304,0.0705,0.8252,layer_29
drop_minus_recovery_max,transfer_margin_str,0,per_ckpt,all,72,-0.0918,0.6434,-0.0023,0.994,layer_29
drop_minus_recovery_max,overall_margin_str,0,per_ckpt,all,72,0.1632,0.5395,0.1417,0.5814,layer_29
drop_minus_recovery_max,accuracy_gpt-5-mini,0,per_ckpt,all,72,0.176,0.3057,0.134,0.4186,layer_29
drop_minus_recovery_max,accuracy_meta-llama/Llama-3.3-70B-Instruct,0,per_ckpt,all,72,0.0492,0.7163,0.0164,0.8941,layer_29
drop_minus_recovery_max,accuracy_zai-org/GLM-4.7-Flash,0,per_ckpt,all,72,0.1891,0.3417,0.2529,0.1728,layer_29
drop_minus_recovery_norm_asym,accuracy_majority,0,per_ckpt,all,72,-0.061,0.7792,-0.0401,0.8312,layer_29
drop_minus_recovery_norm_asym,overall_score,0,per_ckpt,all,72,0.0591,0.7632,0.0808,0.6903,layer_29
drop_minus_recovery_norm_asym,transfer_score,0,per_ckpt,all,72,0.0292,0.8801,-0.0314,0.8831,layer_29
drop_minus_recovery_norm_asym,transfer_score_str,0,per_ckpt,all,72,-0.3918,0.035,-0.3749,0.0529,layer_29
drop_minus_recovery_norm_asym,overall_score_str,0,per_ckpt,all,72,-0.0922,0.5784,-0.0454,0.7792,layer_29
drop_minus_recovery_norm_asym,transfer_margin_str,0,per_ckpt,all,72,-0.1408,0.6004,-0.1358,0.6114,layer_29
drop_minus_recovery_norm_asym,overall_margin_str,0,per_ckpt,all,72,0.0356,0.8302,0.0329,0.8442,layer_29
drop_minus_recovery_norm_asym,accuracy_gpt-5-mini,0,per_ckpt,all,72,-0.0258,0.9131,-0.0024,0.99,layer_29
drop_minus_recovery_norm_asym,accuracy_meta-llama/Llama-3.3-70B-Instruct,0,per_ckpt,all,72,-0.0211,0.9001,0.0209,0.8931,layer_29
drop_minus_recovery_norm_asym,accuracy_zai-org/GLM-4.7-Flash,0,per_ckpt,all,72,-0.1476,0.5005,-0.0971,0.6424,layer_29
drop_minus_recovery_abs_ratio,accuracy_majority,0,per_ckpt,all,72,-0.1319,0.3297,-0.1601,0.2358,layer_29
drop_minus_recovery_abs_ratio,overall_score,0,per_ckpt,all,72,-0.1428,0.4046,-0.1486,0.2068,layer_29
drop_minus_recovery_abs_ratio,transfer_score,0,per_ckpt,all,72,-0.117,0.4905,-0.1135,0.3257,layer_29
drop_minus_recovery_abs_ratio,transfer_score_str,0,per_ckpt,all,72,-0.2467,0.1688,-0.1516,0.5255,layer_29
drop_minus_recovery_abs_ratio,overall_score_str,0,per_ckpt,all,72,-0.3009,0.1728,-0.2487,0.3526,layer_29
drop_minus_recovery_abs_ratio,transfer_margin_str,0,per_ckpt,all,72,-0.1876,0.2947,-0.1229,0.4675,layer_29
drop_minus_recovery_abs_ratio,overall_margin_str,0,per_ckpt,all,72,-0.4766,0.018,-0.2793,0.2238,layer_29
drop_minus_recovery_abs_ratio,accuracy_gpt-5-mini,0,per_ckpt,all,72,-0.0866,0.5674,-0.1353,0.3317,layer_29
drop_minus_recovery_abs_ratio,accuracy_meta-llama/Llama-3.3-70B-Instruct,0,per_ckpt,all,72,-0.0887,0.4505,-0.0648,0.5684,layer_29
drop_minus_recovery_abs_ratio,accuracy_zai-org/GLM-4.7-Flash,0,per_ckpt,all,72,-0.0768,0.6384,-0.0258,0.9161,layer_29
drop_minus_recovery_signed_ratio,accuracy_majority,0,per_ckpt,all,72,-0.061,0.7792,-0.0872,0.6124,layer_29
drop_minus_recovery_signed_ratio,overall_score,0,per_ckpt,all,72,0.0591,0.7632,0.003,0.988,layer_29
drop_minus_recovery_signed_ratio,transfer_score,0,per_ckpt,all,72,0.0292,0.8801,-0.0577,0.7762,layer_29
drop_minus_recovery_signed_ratio,transfer_score_str,0,per_ckpt,all,72,-0.3918,0.035,-0.3824,0.0529,layer_29
drop_minus_recovery_signed_ratio,overall_score_str,0,per_ckpt,all,72,-0.0922,0.5784,-0.1566,0.2288,layer_29
drop_minus_recovery_signed_ratio,transfer_margin_str,0,per_ckpt,all,72,-0.1408,0.6004,-0.1804,0.3247,layer_29
drop_minus_recovery_signed_ratio,overall_margin_str,0,per_ckpt,all,72,0.0356,0.8302,-0.116,0.3846,layer_29
drop_minus_recovery_signed_ratio,accuracy_gpt-5-mini,0,per_ckpt,all,72,-0.0258,0.9131,-0.0389,0.8382,layer_29
drop_minus_recovery_signed_ratio,accuracy_meta-llama/Llama-3.3-70B-Instruct,0,per_ckpt,all,72,-0.0211,0.9001,0.0246,0.8701,layer_29
drop_minus_recovery_signed_ratio,accuracy_zai-org/GLM-4.7-Flash,0,per_ckpt,all,72,-0.1476,0.5005,-0.0393,0.8192,layer_29
drop_minus_recovery_log_ratio,accuracy_majority,0,per_ckpt,all,72,-0.061,0.7792,-0.0343,0.8621,layer_29
drop_minus_recovery_log_ratio,overall_score,0,per_ckpt,all,72,0.0591,0.7632,0.0827,0.6763,layer_29
drop_minus_recovery_log_ratio,transfer_score,0,per_ckpt,all,72,0.0292,0.8801,-0.0213,0.9201,layer_29
drop_minus_recovery_log_ratio,transfer_score_str,0,per_ckpt,all,72,-0.3918,0.035,-0.3734,0.0549,layer_29
drop_minus_recovery_log_ratio,overall_score_str,0,per_ckpt,all,72,-0.0922,0.5784,-0.0467,0.7792,layer_29
drop_minus_recovery_log_ratio,transfer_margin_str,0,per_ckpt,all,72,-0.1408,0.6004,-0.1393,0.6074,layer_29
drop_minus_recovery_log_ratio,overall_margin_str,0,per_ckpt,all,72,0.0356,0.8302,0.0273,0.8691,layer_29
drop_minus_recovery_log_ratio,accuracy_gpt-5-mini,0,per_ckpt,all,72,-0.0258,0.9131,0.0069,0.972,layer_29
drop_minus_recovery_log_ratio,accuracy_meta-llama/Llama-3.3-70B-Instruct,0,per_ckpt,all,72,-0.0211,0.9001,0.0319,0.8432,layer_29
drop_minus_recovery_log_ratio,accuracy_zai-org/GLM-4.7-Flash,0,per_ckpt,all,72,-0.1476,0.5005,-0.0796,0.7073,layer_29
drop_over_recovery_abs_diff,accuracy_majority,0,per_ckpt,all,72,0.0922,0.4256,0.0676,0.6404,layer_29
drop_over_recovery_abs_diff,overall_score,0,per_ckpt,all,72,-0.141,0.3397,-0.1363,0.2338,layer_29
drop_over_recovery_abs_diff,transfer_score,0,per_ckpt,all,72,-0.1484,0.3167,-0.1633,0.1439,layer_29
drop_over_recovery_abs_diff,transfer_score_str,0,per_ckpt,all,72,0.0176,0.9021,-0.0133,0.9481,layer_29
drop_over_recovery_abs_diff,overall_score_str,0,per_ckpt,all,72,0.1534,0.4356,0.0804,0.7363,layer_29
drop_over_recovery_abs_diff,transfer_margin_str,0,per_ckpt,all,72,-0.1563,0.3047,-0.1478,0.3287,layer_29
drop_over_recovery_abs_diff,overall_margin_str,0,per_ckpt,all,72,0.0471,0.8132,0.0554,0.7942,layer_29
drop_over_recovery_abs_diff,accuracy_gpt-5-mini,0,per_ckpt,all,72,0.1506,0.2308,0.085,0.5335,layer_29
drop_over_recovery_abs_diff,accuracy_meta-llama/Llama-3.3-70B-Instruct,0,per_ckpt,all,72,0.0484,0.6284,0.0226,0.8531,layer_29
drop_over_recovery_abs_diff,accuracy_zai-org/GLM-4.7-Flash,0,per_ckpt,all,72,0.0855,0.5544,0.0865,0.5554,layer_29
drop_over_recovery_signed_diff,accuracy_majority,0,per_ckpt,all,72,-0.0332,0.8701,-0.0193,0.9081,layer_29
drop_over_recovery_signed_diff,overall_score,0,per_ckpt,all,72,0.0098,0.966,0.0287,0.9161,layer_29
drop_over_recovery_signed_diff,transfer_score,0,per_ckpt,all,72,-0.0136,0.953,-0.072,0.6993,layer_29
drop_over_recovery_signed_diff,transfer_score_str,0,per_ckpt,all,72,-0.4422,0.007,-0.4364,0.009,layer_29
drop_over_recovery_signed_diff,overall_score_str,0,per_ckpt,all,72,-0.0545,0.7423,0.0003,1.0,layer_29
drop_over_recovery_signed_diff,transfer_margin_str,0,per_ckpt,all,72,-0.3465,0.1748,-0.3764,0.1419,layer_29
drop_over_recovery_signed_diff,overall_margin_str,0,per_ckpt,all,72,-0.047,0.7922,-0.0577,0.7243,layer_29
drop_over_recovery_signed_diff,accuracy_gpt-5-mini,0,per_ckpt,all,72,-0.0529,0.8222,-0.0417,0.8192,layer_29
drop_over_recovery_signed_diff,accuracy_meta-llama/Llama-3.3-70B-Instruct,0,per_ckpt,all,72,0.0288,0.8811,0.0568,0.7243,layer_29
drop_over_recovery_signed_diff,accuracy_zai-org/GLM-4.7-Flash,0,per_ckpt,all,72,-0.1445,0.5145,-0.1241,0.5295,layer_29
drop_over_recovery_min,accuracy_majority,0,per_ckpt,all,72,0.2095,0.2038,0.1933,0.2018,layer_29
drop_over_recovery_min,overall_score,0,per_ckpt,all,72,0.1062,0.6084,0.2404,0.035,layer_29
drop_over_recovery_min,transfer_score,0,per_ckpt,all,72,0.0778,0.6973,0.0708,0.5465,layer_29
drop_over_recovery_min,transfer_score_str,0,per_ckpt,all,72,0.0548,0.7902,0.1792,0.3796,layer_29
drop_over_recovery_min,overall_score_str,0,per_ckpt,all,72,0.1933,0.4965,0.3942,0.1079,layer_29
drop_over_recovery_min,transfer_margin_str,0,per_ckpt,all,72,0.0172,0.9471,0.0064,0.97,layer_29
drop_over_recovery_min,overall_margin_str,0,per_ckpt,all,72,0.3176,0.2557,0.3936,0.1079,layer_29
drop_over_recovery_min,accuracy_gpt-5-mini,0,per_ckpt,all,72,0.1523,0.4026,0.1285,0.3836,layer_29
drop_over_recovery_min,accuracy_meta-llama/Llama-3.3-70B-Instruct,0,per_ckpt,all,72,0.0294,0.8282,0.0608,0.6074,layer_29
drop_over_recovery_min,accuracy_zai-org/GLM-4.7-Flash,0,per_ckpt,all,72,0.1867,0.3317,0.1917,0.2607,layer_29
drop_over_recovery_max,accuracy_majority,0,per_ckpt,all,72,0.1622,0.3117,0.1766,0.3297,layer_29
drop_over_recovery_max,overall_score,0,per_ckpt,all,72,-0.0045,0.979,0.0211,0.8811,layer_29
drop_over_recovery_max,transfer_score,0,per_ckpt,all,72,-0.0334,0.8621,-0.1048,0.3806,layer_29
drop_over_recovery_max,transfer_score_str,0,per_ckpt,all,72,0.1511,0.4975,0.0953,0.6753,layer_29
drop_over_recovery_max,overall_score_str,0,per_ckpt,all,72,0.3685,0.1758,0.3083,0.2877,layer_29
drop_over_recovery_max,transfer_margin_str,0,per_ckpt,all,72,-0.1592,0.4665,-0.1293,0.5235,layer_29
drop_over_recovery_max,overall_margin_str,0,per_ckpt,all,72,0.3345,0.2348,0.2855,0.2967,layer_29
drop_over_recovery_max,accuracy_gpt-5-mini,0,per_ckpt,all,72,0.1491,0.3846,0.1535,0.3367,layer_29
drop_over_recovery_max,accuracy_meta-llama/Llama-3.3-70B-Instruct,0,per_ckpt,all,72,0.0854,0.5295,0.0567,0.6703,layer_29
drop_over_recovery_max,accuracy_zai-org/GLM-4.7-Flash,0,per_ckpt,all,72,0.114,0.5674,0.1926,0.2977,layer_29
drop_over_recovery_norm_asym,accuracy_majority,0,per_ckpt,all,72,-0.0159,0.9271,-0.014,0.9431,layer_29
drop_over_recovery_norm_asym,overall_score,0,per_ckpt,all,72,0.0308,0.8911,0.0503,0.8302,layer_29
drop_over_recovery_norm_asym,transfer_score,0,per_ckpt,all,72,0.0053,0.987,-0.056,0.7752,layer_29
drop_over_recovery_norm_asym,transfer_score_str,0,per_ckpt,all,72,-0.4419,0.007,-0.436,0.012,layer_29
drop_over_recovery_norm_asym,overall_score_str,0,per_ckpt,all,72,-0.0585,0.7183,0.0003,1.0,layer_29
drop_over_recovery_norm_asym,transfer_margin_str,0,per_ckpt,all,72,-0.3482,0.1708,-0.3558,0.1598,layer_29
drop_over_recovery_norm_asym,overall_margin_str,0,per_ckpt,all,72,-0.0528,0.7702,-0.0436,0.8032,layer_29
drop_over_recovery_norm_asym,accuracy_gpt-5-mini,0,per_ckpt,all,72,-0.0297,0.9051,-0.0349,0.8531,layer_29
drop_over_recovery_norm_asym,accuracy_meta-llama/Llama-3.3-70B-Instruct,0,per_ckpt,all,72,0.048,0.7862,0.066,0.6513,layer_29
drop_over_recovery_norm_asym,accuracy_zai-org/GLM-4.7-Flash,0,per_ckpt,all,72,-0.1278,0.5704,-0.1181,0.5435,layer_29
drop_over_recovery_abs_ratio,accuracy_majority,0,per_ckpt,all,72,0.0592,0.5754,0.0033,0.982,layer_29
drop_over_recovery_abs_ratio,overall_score,0,per_ckpt,all,72,-0.1585,0.2617,-0.155,0.1638,layer_29
drop_over_recovery_abs_ratio,transfer_score,0,per_ckpt,all,72,-0.161,0.2567,-0.1629,0.1389,layer_29
drop_over_recovery_abs_ratio,transfer_score_str,0,per_ckpt,all,72,-0.0055,0.965,-0.0334,0.8551,layer_29
drop_over_recovery_abs_ratio,overall_score_str,0,per_ckpt,all,72,0.1065,0.5465,0.0107,0.953,layer_29
drop_over_recovery_abs_ratio,transfer_margin_str,0,per_ckpt,all,72,-0.1482,0.2937,-0.1512,0.3167,layer_29
drop_over_recovery_abs_ratio,overall_margin_str,0,per_ckpt,all,72,-0.0061,0.976,-0.0202,0.9191,layer_29
drop_over_recovery_abs_ratio,accuracy_gpt-5-mini,0,per_ckpt,all,72,0.1317,0.2807,0.0206,0.8521,layer_29
drop_over_recovery_abs_ratio,accuracy_meta-llama/Llama-3.3-70B-Instruct,0,per_ckpt,all,72,0.0225,0.8232,0.0097,0.9191,layer_29
drop_over_recovery_abs_ratio,accuracy_zai-org/GLM-4.7-Flash,0,per_ckpt,all,72,0.0741,0.5924,0.0423,0.7572,layer_29
drop_over_recovery_signed_ratio,accuracy_majority,0,per_ckpt,all,72,-0.0159,0.9271,-0.0199,0.9151,layer_29
drop_over_recovery_signed_ratio,overall_score,0,per_ckpt,all,72,0.0308,0.8911,0.0169,0.9461,layer_29
drop_over_recovery_signed_ratio,transfer_score,0,per_ckpt,all,72,0.0053,0.987,-0.0866,0.6474,layer_29
drop_over_recovery_signed_ratio,transfer_score_str,0,per_ckpt,all,72,-0.4419,0.007,-0.4356,0.013,layer_29
drop_over_recovery_signed_ratio,overall_score_str,0,per_ckpt,all,72,-0.0585,0.7183,-0.0038,0.979,layer_29
drop_over_recovery_signed_ratio,transfer_margin_str,0,per_ckpt,all,72,-0.3482,0.1708,-0.3829,0.1459,layer_29
drop_over_recovery_signed_ratio,overall_margin_str,0,per_ckpt,all,72,-0.0528,0.7702,-0.0534,0.7602,layer_29
drop_over_recovery_signed_ratio,accuracy_gpt-5-mini,0,per_ckpt,all,72,-0.0297,0.9051,-0.036,0.8322,layer_29
drop_over_recovery_signed_ratio,accuracy_meta-llama/Llama-3.3-70B-Instruct,0,per_ckpt,all,72,0.048,0.7862,0.0643,0.6653,layer_29
drop_over_recovery_signed_ratio,accuracy_zai-org/GLM-4.7-Flash,0,per_ckpt,all,72,-0.1278,0.5704,-0.1025,0.6054,layer_29
drop_over_recovery_log_ratio,accuracy_majority,0,per_ckpt,all,72,-0.0159,0.9271,-0.0141,0.9421,layer_29
drop_over_recovery_log_ratio,overall_score,0,per_ckpt,all,72,0.0308,0.8911,0.0513,0.8292,layer_29
drop_over_recovery_log_ratio,transfer_score,0,per_ckpt,all,72,0.0053,0.987,-0.0555,0.7792,layer_29
drop_over_recovery_log_ratio,transfer_score_str,0,per_ckpt,all,72,-0.4419,0.007,-0.4364,0.011,layer_29
drop_over_recovery_log_ratio,overall_score_str,0,per_ckpt,all,72,-0.0585,0.7183,-0.0004,0.998,layer_29
drop_over_recovery_log_ratio,transfer_margin_str,0,per_ckpt,all,72,-0.3482,0.1708,-0.3558,0.1588,layer_29
drop_over_recovery_log_ratio,overall_margin_str,0,per_ckpt,all,72,-0.0528,0.7702,-0.0439,0.8012,layer_29
drop_over_recovery_log_ratio,accuracy_gpt-5-mini,0,per_ckpt,all,72,-0.0297,0.9051,-0.0338,0.8591,layer_29
drop_over_recovery_log_ratio,accuracy_meta-llama/Llama-3.3-70B-Instruct,0,per_ckpt,all,72,0.048,0.7862,0.0659,0.6533,layer_29
drop_over_recovery_log_ratio,accuracy_zai-org/GLM-4.7-Flash,0,per_ckpt,all,72,-0.1278,0.5704,-0.1157,0.5485,layer_29
