src_lang,tgt_lang,accuracy_majority,overall_score,transfer_score,accuracy_gpt-5-mini,accuracy_meta-llama/Llama-3.3-70B-Instruct,accuracy_zai-org/GLM-4.7-Flash,transfer_score_str,overall_score_str,transfer_margin_str,overall_margin_str,alpha_src,alpha_tgt,alpha_abs_diff,alpha_signed_diff,alpha_min,alpha_max,alpha_norm_asym,alpha_abs_ratio,alpha_signed_ratio,alpha_log_ratio,A_src,A_tgt,A_abs_diff,A_signed_diff,A_min,A_max,A_norm_asym,A_abs_ratio,A_signed_ratio,A_log_ratio,drop_to_min_src,drop_to_min_tgt,drop_to_min_abs_diff,drop_to_min_signed_diff,drop_to_min_min,drop_to_min_max,drop_to_min_norm_asym,drop_to_min_abs_ratio,drop_to_min_signed_ratio,drop_to_min_log_ratio,recovery_src,recovery_tgt,recovery_abs_diff,recovery_signed_diff,recovery_min,recovery_max,recovery_norm_asym,recovery_abs_ratio,recovery_signed_ratio,recovery_log_ratio,drop_minus_recovery_src,drop_minus_recovery_tgt,drop_minus_recovery_abs_diff,drop_minus_recovery_signed_diff,drop_minus_recovery_min,drop_minus_recovery_max,drop_minus_recovery_norm_asym,drop_minus_recovery_abs_ratio,drop_minus_recovery_signed_ratio,drop_minus_recovery_log_ratio,drop_over_recovery_src,drop_over_recovery_tgt,drop_over_recovery_abs_diff,drop_over_recovery_signed_diff,drop_over_recovery_min,drop_over_recovery_max,drop_over_recovery_norm_asym,drop_over_recovery_abs_ratio,drop_over_recovery_signed_ratio,drop_over_recovery_log_ratio,k,checkpoint,layer
de,en,0.0,0.0,0.0,0.0,0.0,0.0625,0.2911208151382823,0.0694444444444444,0.3829513477890887,0.1245598299846736,46.66157491856247,41.43748475512008,5.224090163442391,5.224090163442391,41.43748475512008,46.66157491856247,0.05929791058828862,1.1260716038705936,1.1260716038705936,0.11873511905499479,1388.7379995252757,1216.3906104199775,172.34738910529813,172.34738910529813,1216.3906104199775,1388.7379995252757,0.06615695994714056,1.1416875365765866,1.1416875365765866,0.1325074630920673,221.1168,208.8505,12.266300000000001,12.266300000000001,208.8505,221.1168,0.028528448558762427,1.058732442584523,1.058732442584523,0.05707238369151568,103.82460000000002,76.4522,27.372400000000013,27.372400000000013,76.4522,103.82460000000002,0.15183539978521837,1.3580328623636555,1.3580328623636555,0.306037227933305,117.2922,132.3983,15.106100000000012,-15.106100000000012,117.2922,132.3983,-0.06049929813108609,1.1287903202429392,0.8859041241466024,-0.12114654625654175,2.1297149230528976,2.731778810812472,0.6020638877595745,-0.6020638877595745,2.1297149230528976,2.731778810812472,-0.12384339479149142,1.2826969380931261,0.7796073805912231,-0.24896484424168563,0,all,layer_29
de,es,0.0,0.0,0.0,0.0,0.0,0.0,0.2649199417758369,0.0631944444444444,0.3720021988717347,0.1192208677699694,46.66157491856247,27.79617793543325,18.865396983129223,18.865396983129223,27.79617793543325,46.66157491856247,0.25337048540965434,1.6787047135382895,1.6787047135382895,0.5180224921926051,1388.7379995252757,918.9209597391788,469.81703978609687,469.81703978609687,918.9209597391788,1388.7379995252757,0.20359032598813762,1.5112703489965509,1.5112703489965509,0.4129505878663382,221.1168,155.70940000000002,65.4074,65.4074,155.70940000000002,221.1168,0.17357444891039905,1.4200607028220427,1.4200607028220427,0.35069961916571124,103.82460000000002,90.4056,13.419000000000011,13.419000000000011,90.4056,103.82460000000002,0.06908812326816294,1.1484310706416292,1.1484310706416292,0.13839672449059037,117.2922,65.30380000000001,51.988399999999984,51.988399999999984,65.30380000000001,117.2922,0.2847181756445908,1.79610068633063,1.79610068633063,0.5856180297399414,2.1297149230528976,1.7223424212659204,0.40737250178697715,0.40737250178697715,1.7223424212659204,2.1297149230528976,0.10575452683425964,1.2365223644008734,1.2365223644008734,0.2123028946750115,0,all,layer_29
de,fr,0.0,0.0,0.0,0.0,0.0,0.0,0.2375545851528384,0.0566666666666666,0.3587624227421314,0.1132881600731056,46.66157491856247,33.1562661065526,13.505308812009872,13.505308812009872,33.1562661065526,46.66157491856247,0.1692016300937054,1.4073229708256998,1.4073229708256998,0.3416892975090229,1388.7379995252757,1024.7063792763029,364.0316202489728,364.0316202489728,1024.7063792763029,1388.7379995252757,0.15083489118143106,1.3552545661968731,1.3552545661968731,0.3039893084179912,221.1168,167.8364,53.280400000000014,53.280400000000014,167.8364,221.1168,0.1369840896025534,1.3174543781920889,1.3174543781920889,0.27570137327565014,103.82460000000002,77.91829999999999,25.90630000000003,25.90630000000003,77.91829999999999,103.82460000000002,0.14254367020664843,1.332480303086678,1.332480303086678,0.2870420950249244,117.2922,89.91810000000001,27.374099999999984,27.374099999999984,89.91810000000001,117.2922,0.13210781510378514,1.3044337013348668,1.3044337013348668,0.2657690012558733,2.1297149230528976,2.154004900004208,0.02428997695131052,-0.02428997695131052,2.1297149230528976,2.154004900004208,-0.005670300102393285,1.0114052715165651,0.9887233418307211,-0.011340721749267701,0,all,layer_29
de,hi,0.0,0.0,0.0,0.0,0.0,0.0,0.1647016011644832,0.0392881944444444,0.312673155127034,0.0951953420545284,46.66157491856247,4.710615348837735,41.95095956972474,41.95095956972474,4.710615348837735,46.66157491856247,0.8166083507703814,9.905621975707595,9.905621975707595,2.293102472293918,1388.7379995252757,569.7133468680054,819.0246526572703,819.0246526572703,569.7133468680054,1388.7379995252757,0.4182001529757685,2.4376083291006774,2.4376083291006774,0.8910173656102884,221.1168,96.76140000000001,124.3554,124.3554,96.76140000000001,221.1168,0.3912045557071847,2.2851757002275463,2.2851757002275463,0.8264429142686422,103.82460000000002,55.472,48.35260000000002,48.35260000000002,55.472,103.82460000000002,0.3035381797226037,1.8716577732909963,1.8716577732909963,0.6268245479300711,117.2922,41.28940000000001,76.00279999999998,76.00279999999998,41.28940000000001,117.2922,0.47926619481705,2.8407339413989336,2.8407339413989336,1.0440624488558718,2.1297149230528976,1.7443286703201302,0.3853862527327674,0.3853862527327674,1.7443286703201302,2.1297149230528976,0.09947906972237301,1.2209367186866324,1.2209367186866324,0.19961836633847319,0,all,layer_29
de,id,0.0,0.0,0.0,0.0,0.0625,0.0,0.1043408192971511,0.0248896329365079,0.2577029399739249,0.0763350918479459,46.66157491856247,11.16097904154046,35.500595877022015,35.500595877022015,11.16097904154046,46.66157491856247,0.6139575900005474,4.180777935778471,4.180777935778471,1.4304973382584594,1388.7379995252757,420.2703230728771,968.4676764523986,968.4676764523986,420.2703230728771,1388.7379995252757,0.5353583310559099,3.3043922525180482,3.3043922525180482,1.1952525691077893,221.1168,68.38289999999999,152.7339,152.7339,68.38289999999999,221.1168,0.527578785055734,3.2335101319188984,3.2335101319188984,1.1735682753212533,103.82460000000002,48.4982,55.32640000000002,55.32640000000002,48.4982,103.82460000000002,0.3632181131124142,2.14079285416774,2.14079285416774,0.7611762530200803,117.2922,19.884699999999995,97.4075,97.4075,19.884699999999995,117.2922,0.710086756589479,5.898615518463649,5.898615518463649,1.7747176654876955,2.1297149230528976,1.4100090312629867,0.7197058917899108,0.7197058917899108,1.4100090312629867,2.1297149230528976,0.20332260398785917,1.5104264411297696,1.5104264411297696,0.4123920223009435,0,all,layer_29
de,it,0.0,0.0,0.0,0.0,0.0,0.0,0.081513828238719,0.0194444444444444,0.2306602811436901,0.0676584386885991,46.66157491856247,27.34306190653131,19.31851301203116,19.31851301203116,27.34306190653131,46.66157491856247,0.2610446296451563,1.706523398076897,1.706523398076897,0.5344582004203104,1388.7379995252757,1085.31105668917,303.4269428361056,303.4269428361056,1085.31105668917,1388.7379995252757,0.12264386677133252,1.2795760173693733,1.2795760173693733,0.24652878663044575,221.1168,176.39159999999998,44.72520000000003,44.72520000000003,176.39159999999998,221.1168,0.11251384876395043,1.253556291796201,1.253556291796201,0.2259845453033087,103.82460000000002,94.074,9.75060000000002,9.75060000000002,94.074,103.82460000000002,0.049270687109458935,1.1036481918489585,1.1036481918489585,0.09862123026637803,117.2922,82.31759999999998,34.97460000000001,34.97460000000001,82.31759999999998,117.2922,0.17521484416095723,1.424873903029226,1.424873903029226,0.3540833207029328,2.1297149230528976,1.875030295299425,0.25468462775347245,0.25468462775347245,1.875030295299425,2.1297149230528976,0.06359571305217615,1.1358296068019882,1.1358296068019882,0.12736331503686782,0,all,layer_29
de,ja,0.0,0.0,0.0,0.0,0.0,0.0,0.3266375545851528,0.0779166666666666,0.3953469242803402,0.1313373859732348,46.66157491856247,85.29625118472661,38.63467626616414,-38.63467626616414,46.66157491856247,85.29625118472661,-0.292780484546046,1.8279762595581193,0.5470530564995953,-0.6032094858350101,1388.7379995252757,1582.7700649985616,194.0320654732859,-194.0320654732859,1388.7379995252757,1582.7700649985616,-0.06529750593302801,1.1397182661809588,0.8774098210699587,-0.13078109693455264,221.1168,265.3564,44.239599999999996,-44.239599999999996,221.1168,265.3564,-0.09093943921268408,1.2000734453465263,0.8332823327419243,-0.1823827593764813,103.82460000000002,77.98259999999999,25.842000000000027,25.842000000000027,77.98259999999999,103.82460000000002,0.1421395852309473,1.3313816158989147,1.3313816158989147,0.28621721199158756,117.2922,187.37380000000002,70.08160000000002,-70.08160000000002,117.2922,187.37380000000002,-0.23002763682196173,1.5974958266619472,0.6259797260876353,-0.46843729484795915,2.1297149230528976,3.4027642063741994,1.2730492833213018,-1.2730492833213018,2.1297149230528976,3.4027642063741994,-0.23010466981244615,1.5977557228621082,0.6258779021663626,-0.46859997136789344,0,all,layer_29
de,zh,0.0625,0.0,0.0,0.0625,0.0,0.0625,0.4573302728324562,0.1090923254985754,0.4199558483793882,0.1527571508515013,46.66157491856247,100.15794847976602,53.49637356120355,-53.49637356120355,46.66157491856247,100.15794847976602,-0.36436825514046195,2.146475952742006,0.4658798989676652,-0.7638274056111181,1388.7379995252757,1177.613024380246,211.12497514502957,211.12497514502957,1177.613024380246,1388.7379995252757,0.08226660078001936,1.1792821332424879,1.1792821332424879,0.1649058916916255,221.1168,190.7283,30.388500000000022,30.388500000000022,190.7283,221.1168,0.07378623662148692,1.1593287414610147,1.1593287414610147,0.14784116646920786,103.82460000000002,52.88629999999999,50.93830000000003,50.93830000000003,52.88629999999999,103.82460000000002,0.32504631139250495,1.9631662642309646,1.9631662642309646,0.6745586107554393,117.2922,137.84199999999998,20.54979999999999,-20.54979999999999,117.2922,137.84199999999998,-0.0805450621672826,1.1752017610719112,0.850917717386567,-0.16143984440595105,2.1297149230528976,3.606383883916939,1.4766689608640413,-1.4766689608640413,2.1297149230528976,3.606383883916939,-0.2574343662053918,1.6933646117977033,0.5905402729171463,-0.5267174442860383,0,all,layer_29
en,de,0.0256410256410256,0.0,0.0,0.0256410256410256,0.0,0.0512820512820512,0.4529971552424817,0.1786338141025641,0.2282809663943931,0.1202170406876035,41.43748475512008,46.66157491856247,5.224090163442391,-5.224090163442391,41.43748475512008,46.66157491856247,-0.05929791058828862,1.1260716038705936,0.8880429952790753,-0.11873511905499479,1216.3906104199775,1388.7379995252757,172.34738910529813,-172.34738910529813,1216.3906104199775,1388.7379995252757,-0.06615695994714056,1.1416875365765866,0.8758963971863563,-0.1325074630920673,208.8505,221.1168,12.266300000000001,-12.266300000000001,208.8505,221.1168,-0.028528448558762427,1.058732442584523,0.9445256986352871,-0.05707238369151568,76.4522,103.82460000000002,27.372400000000013,-27.372400000000013,76.4522,103.82460000000002,-0.15183539978521837,1.3580328623636555,0.7363592058144145,-0.306037227933305,132.3983,117.2922,15.106100000000012,15.106100000000012,117.2922,132.3983,0.06049929813108609,1.1287903202429392,1.1287903202429392,0.12114654625654175,2.731778810812472,2.1297149230528976,0.6020638877595745,0.6020638877595745,2.1297149230528976,2.731778810812472,0.12384339479149142,1.2826969380931261,1.2826969380931261,0.24896484424168563,0,all,layer_29
en,es,0.0256410256410256,0.0,0.0,0.0256410256410256,0.0,0.0512820512820512,0.5176515268800557,0.2041294642857143,0.2291534374364494,0.1264998028915575,41.43748475512008,27.79617793543325,13.641306819686832,13.641306819686832,27.79617793543325,41.43748475512008,0.19703286363250488,1.4907619619996766,1.4907619619996766,0.3992873731376103,1216.3906104199775,918.9209597391788,297.46965068079874,297.46965068079874,918.9209597391788,1216.3906104199775,0.13930971706326986,1.323716253860647,1.323716253860647,0.2804431247742709,208.8505,155.70940000000002,53.141099999999994,53.141099999999994,155.70940000000002,208.8505,0.14576781483646403,1.3412838274375127,1.3412838274375127,0.29362723547419556,76.4522,90.4056,13.953400000000002,-13.953400000000002,76.4522,90.4056,-0.08362449942406,1.1825114254396711,0.8456577911102758,-0.16764050344271464,132.3983,65.30380000000001,67.0945,67.0945,65.30380000000001,132.3983,0.339371711276712,2.0274210689117322,2.0274210689117322,0.7067645759964831,2.731778810812472,1.7223424212659204,1.0094363895465517,1.0094363895465517,1.7223424212659204,2.731778810812472,0.2266297518523759,1.5860834507014177,1.5860834507014177,0.46126773891669715,0,all,layer_29
en,fr,0.0512820512820512,0.0256410256410256,0.1666666666666666,0.0512820512820512,0.0256410256410256,0.0769230769230769,0.4311760588819652,0.1700289351851852,0.2271137485154536,0.1178986089364072,41.43748475512008,33.1562661065526,8.281218648567481,8.281218648567481,33.1562661065526,41.43748475512008,0.11101759266569311,1.2497633063371278,1.2497633063371278,0.2229541784540281,1216.3906104199775,1024.7063792763029,191.68423114367465,191.68423114367465,1024.7063792763029,1216.3906104199775,0.08553143037760812,1.1870625918022002,1.1870625918022002,0.17148184532592392,208.8505,167.8364,41.01410000000001,41.01410000000001,167.8364,208.8505,0.10888114240235033,1.2443695169820062,1.2443695169820062,0.21862898958413446,76.4522,77.91829999999999,1.466099999999983,-1.466099999999983,76.4522,77.91829999999999,-0.009497280892398312,1.0191766881790056,0.9811841377442659,-0.01899513290838062,132.3983,89.91810000000001,42.480199999999996,42.480199999999996,89.91810000000001,132.3983,0.19107992032976337,1.4724321354654795,1.4724321354654795,0.3869155475124151,2.731778810812472,2.154004900004208,0.577773910808264,0.577773910808264,2.154004900004208,2.731778810812472,0.11825613760367798,1.2682324031880647,1.2682324031880647,0.23762412249241793,0,all,layer_29
en,hi,0.0256410256410256,0.0,0.0,0.0256410256410256,0.0,0.0256410256410256,0.2545784673007362,0.1003898635477582,0.1997740036076162,0.0943165463631331,41.43748475512008,4.710615348837735,36.72686940628235,36.72686940628235,4.710615348837735,41.43748475512008,0.795847918409359,8.796618209409793,8.796618209409793,2.1743673532389236,1216.3906104199775,569.7133468680054,646.6772635519721,646.6772635519721,569.7133468680054,1216.3906104199775,0.3620602602179357,2.1350923532107386,2.1350923532107386,0.7585099025182211,208.8505,96.76140000000001,112.0891,112.0891,96.76140000000001,208.8505,0.36676942226398784,2.1584071747618148,2.1584071747618148,0.7693705305771266,76.4522,55.472,20.980200000000004,20.980200000000004,55.472,76.4522,0.15903223214542778,1.3782124314969466,1.3782124314969466,0.32078731999676613,132.3983,41.28940000000001,91.1089,91.1089,41.28940000000001,132.3983,0.5245558551353923,3.206592975436717,3.206592975436717,1.1652089951124136,2.731778810812472,1.7443286703201302,0.9874501404923419,0.9874501404923419,1.7443286703201302,2.731778810812472,0.2206046536313878,1.5660917906655474,1.5660917906655474,0.4485832105801588,0,all,layer_29
en,id,0.0512820512820512,0.0256410256410256,0.1666666666666666,0.0769230769230769,0.0512820512820512,0.0512820512820512,0.4088153616905987,0.1612112713675214,0.2254510935151108,0.1154090276398113,41.43748475512008,11.16097904154046,30.276505713579624,30.276505713579624,11.16097904154046,41.43748475512008,0.5756157790201716,3.712710560685462,3.712710560685462,1.3117622192034646,1216.3906104199775,420.2703230728771,796.1202873471004,796.1202873471004,420.2703230728771,1216.3906104199775,0.4864295780849807,2.894305268871069,2.894305268871069,1.062745106015722,208.8505,68.38289999999999,140.4676,140.4676,68.38289999999999,208.8505,0.506676323992706,3.0541334163949907,3.0541334163949907,1.1164958916297376,76.4522,48.4982,27.954000000000008,27.954000000000008,48.4982,76.4522,0.22372077240248758,1.5763925259081457,1.5763925259081457,0.4551390250867753,132.3983,19.884699999999995,112.51360000000001,112.51360000000001,19.884699999999995,132.3983,0.7388454390838063,6.6583001000766115,6.6583001000766115,1.8958642117442372,2.731778810812472,1.4100090312629867,1.3217697795494854,1.3217697795494854,1.4100090312629867,2.731778810812472,0.3191302476002306,1.9374193712529626,1.9374193712529626,0.6613568665426292,0,all,layer_29
en,it,0.1025641025641025,0.0512820512820512,0.3333333333333333,0.1025641025641025,0.0769230769230769,0.1025641025641025,0.5110356917082736,0.2015205916768417,0.2292405114550607,0.1258946754825534,41.43748475512008,27.34306190653131,14.09442284858877,14.09442284858877,27.34306190653131,41.43748475512008,0.2049187384032078,1.5154661499420659,1.5154661499420659,0.41572308136531566,1216.3906104199775,1085.31105668917,131.07955373080745,131.07955373080745,1085.31105668917,1216.3906104199775,0.05694897631778599,1.1207760235399014,1.1207760235399014,0.11402132353837846,208.8505,176.39159999999998,32.45890000000003,32.45890000000003,176.39159999999998,208.8505,0.08425584846515981,1.184016132287472,1.184016132287472,0.168912161611793,76.4522,94.074,17.621799999999993,-17.621799999999993,76.4522,94.074,-0.10333778621701468,1.2304943481024584,0.8126815060484215,-0.20741599766692698,132.3983,82.31759999999998,50.08070000000002,50.08070000000002,82.31759999999998,132.3983,0.23324169286019245,1.6083838693061803,1.6083838693061803,0.47522986695947456,2.731778810812472,1.875030295299425,0.856748515513047,0.856748515513047,1.875030295299425,2.731778810812472,0.18597439046827546,1.4569251588411136,1.4569251588411136,0.37632815927855345,0,all,layer_29
en,ja,0.0512820512820512,0.0256410256410256,0.1666666666666666,0.0512820512820512,0.0512820512820512,0.0512820512820512,0.4707073834681528,0.1856176231176231,0.2289025315495576,0.1220224033455534,41.43748475512008,85.29625118472661,43.85876642960653,-43.85876642960653,41.43748475512008,85.29625118472661,-0.34607017700814446,2.0584321584380243,0.4858066348704843,-0.7219446048900049,1216.3906104199775,1582.7700649985616,366.37945457858405,-366.37945457858405,1216.3906104199775,1582.7700649985616,-0.13088904034556778,1.3012021397074782,0.7685201011311029,-0.26328856002661993,208.8505,265.3564,56.5059,-56.5059,208.8505,265.3564,-0.11915874695201582,1.2705566900725578,0.7870565774935113,-0.23945514306799698,76.4522,77.98259999999999,1.530399999999986,-1.530399999999986,76.4522,77.98259999999999,-0.009909683568729174,1.0200177365726424,0.9803751093192461,-0.01982001594171745,132.3983,187.37380000000002,54.97550000000001,-54.97550000000001,132.3983,187.37380000000002,-0.1719208773998727,1.4152281411468168,0.7065998554760553,-0.3472907485914174,2.731778810812472,3.4027642063741994,0.6709853955617273,-0.6709853955617273,2.731778810812472,3.4027642063741994,-0.10937821997201265,1.2456221539257493,0.8028116687293194,-0.2196351271262078,0,all,layer_29
en,zh,0.1025641025641025,0.0512820512820512,0.3333333333333333,0.1282051282051282,0.0769230769230769,0.1025641025641025,0.6424937535747614,0.2533594491927826,0.2197877305105502,0.1365023496962687,41.43748475512008,100.15794847976602,58.72046372464594,-58.72046372464594,41.43748475512008,100.15794847976602,-0.41470591517762345,2.417085618773903,0.4137213809195673,-0.8825625246661128,1216.3906104199775,1177.613024380246,38.77758603973143,38.77758603973143,1177.613024380246,1216.3906104199775,0.01619779747868568,1.0329289717733365,1.0329289717733365,0.032398428599558216,208.8505,190.7283,18.12220000000002,18.12220000000002,190.7283,208.8505,0.04535325697959945,1.095015789476438,1.095015789476438,0.09076878277769218,76.4522,52.88629999999999,23.565900000000013,23.565900000000013,52.88629999999999,76.4522,0.1822032882706992,1.445595551210778,1.445595551210778,0.3685213828221343,132.3983,137.84199999999998,5.4436999999999784,-5.4436999999999784,132.3983,137.84199999999998,-0.02014392375970556,1.041116086837965,0.960507682709182,-0.040293298149409296,2.731778810812472,3.606383883916939,0.8746050731044668,-0.8746050731044668,2.731778810812472,3.606383883916939,-0.1379903159998747,1.3201595493901008,0.7574841998918582,-0.27775260004435265,0,all,layer_29
es,de,0.0625,0.03125,0.5,0.09375,0.0625,0.0625,0.5496787075694318,0.1609364370748299,0.2789039967564244,0.1273203207347909,27.79617793543325,46.66157491856247,18.865396983129223,-18.865396983129223,27.79617793543325,46.66157491856247,-0.25337048540965434,1.6787047135382895,0.5956973802094073,-0.5180224921926051,918.9209597391788,1388.7379995252757,469.81703978609687,-469.81703978609687,918.9209597391788,1388.7379995252757,-0.20359032598813762,1.5112703489965509,0.6616949777807627,-0.4129505878663382,155.70940000000002,221.1168,65.4074,-65.4074,155.70940000000002,221.1168,-0.17357444891039905,1.4200607028220427,0.7041952488458557,-0.35069961916571124,90.4056,103.82460000000002,13.419000000000011,-13.419000000000011,90.4056,103.82460000000002,-0.06908812326816294,1.1484310706416292,0.8707531741032388,-0.13839672449059037,65.30380000000001,117.2922,51.988399999999984,-51.988399999999984,65.30380000000001,117.2922,-0.2847181756445908,1.79610068633063,0.5567616601956435,-0.5856180297399414,1.7223424212659204,2.1297149230528976,0.40737250178697715,-0.40737250178697715,1.7223424212659204,2.1297149230528976,-0.10575452683425964,1.2365223644008734,0.8087197035724262,-0.2123028946750115,0,all,layer_29
es,en,0.03125,0.0,0.0,0.0625,0.03125,0.0625,0.6880795062624796,0.2014578018707483,0.2597049969590444,0.1389677681839108,27.79617793543325,41.43748475512008,13.641306819686832,-13.641306819686832,27.79617793543325,41.43748475512008,-0.19703286363250488,1.4907619619996766,0.6707979043539325,-0.3992873731376103,918.9209597391788,1216.3906104199775,297.46965068079874,-297.46965068079874,918.9209597391788,1216.3906104199775,-0.13930971706326986,1.323716253860647,0.7554489091476188,-0.2804431247742709,155.70940000000002,208.8505,53.141099999999994,-53.141099999999994,155.70940000000002,208.8505,-0.14576781483646403,1.3412838274375127,0.7455543558669923,-0.29362723547419556,90.4056,76.4522,13.953400000000002,13.953400000000002,76.4522,90.4056,0.08362449942406,1.1825114254396711,1.1825114254396711,0.16764050344271464,65.30380000000001,132.3983,67.0945,-67.0945,65.30380000000001,132.3983,-0.339371711276712,2.0274210689117322,0.49323745093403404,-0.7067645759964831,1.7223424212659204,2.731778810812472,1.0094363895465517,-1.0094363895465517,1.7223424212659204,2.731778810812472,-0.2266297518523759,1.5860834507014177,0.6304838497349057,-0.46126773891669715,0,all,layer_29
es,fr,0.0,0.0,0.0,0.09375,0.0,0.0,0.5996956495431717,0.1755805342970521,0.2746626739306742,0.1318212433890678,27.79617793543325,33.1562661065526,5.360088171119351,-5.360088171119351,27.79617793543325,33.1562661065526,-0.08793885553509675,1.1928354388710893,0.8383386068294075,-0.17633319468358222,918.9209597391788,1024.7063792763029,105.78541953712408,-105.78541953712408,918.9209597391788,1024.7063792763029,-0.05442680158569298,1.1151191714760196,0.8967651400669179,-0.10896127944834699,155.70940000000002,167.8364,12.126999999999981,-12.126999999999981,155.70940000000002,167.8364,-0.03748155593427559,1.0778822601589815,0.9277451136940443,-0.0749982458900611,90.4056,77.91829999999999,12.487300000000019,12.487300000000019,77.91829999999999,90.4056,0.07418613755978769,1.1602614533427817,1.1602614533427817,0.14864537053433402,65.30380000000001,89.91810000000001,24.6143,-24.6143,65.30380000000001,89.91810000000001,-0.15857491758572625,1.3769198729629613,0.7262586731703548,-0.31984902848406804,1.7223424212659204,2.154004900004208,0.43166247873828767,-0.43166247873828767,1.7223424212659204,2.154004900004208,-0.11135804997905535,1.2506252377037577,0.7996000479208547,-0.2236436164242792,0,all,layer_29
es,hi,0.0,0.0,0.0,0.0,0.0,0.03125,0.4280329158346947,0.1253206490929705,0.2773723344521491,0.1147120013018343,27.79617793543325,4.710615348837735,23.085562586595515,23.085562586595515,4.710615348837735,27.79617793543325,0.7101765586261375,5.900753060273874,5.900753060273874,1.775079980101313,918.9209597391788,569.7133468680054,349.2076128711734,349.2076128711734,569.7133468680054,918.9209597391788,0.23458253737754342,1.612953189162476,1.612953189162476,0.47806677774395023,155.70940000000002,96.76140000000001,58.94800000000001,58.94800000000001,96.76140000000001,155.70940000000002,0.23348442671390027,1.609209870878247,1.609209870878247,0.475743295102931,90.4056,55.472,34.933600000000006,34.933600000000006,55.472,90.4056,0.23947199570050348,1.6297519469281507,1.6297519469281507,0.48842782343948077,65.30380000000001,41.28940000000001,24.014400000000002,24.014400000000002,41.28940000000001,65.30380000000001,0.2252901686036236,1.5816117453873975,1.5816117453873975,0.4584444191159305,1.7223424212659204,1.7443286703201302,0.02198624905420976,-0.02198624905420976,1.7223424212659204,1.7443286703201302,-0.0063421791318957815,1.0127653181978977,0.9873955812174078,-0.012684528336538325,0,all,layer_29
es,id,0.03125,0.03125,0.5,0.03125,0.03125,0.03125,0.7070490712167966,0.2070117630385487,0.2551298403521571,0.1403795954345687,27.79617793543325,11.16097904154046,16.63519889389279,16.63519889389279,11.16097904154046,27.79617793543325,0.4270126514551584,2.490478463580582,2.490478463580582,0.9124748460658543,918.9209597391788,420.2703230728771,498.6506366663017,498.6506366663017,420.2703230728771,918.9209597391788,0.3723520628205006,2.186499758108856,2.186499758108856,0.7823019812414511,155.70940000000002,68.38289999999999,87.32650000000002,87.32650000000002,68.38289999999999,155.70940000000002,0.3896898733245169,2.2770224719922343,2.2770224719922343,0.822868656155542,90.4056,48.4982,41.90740000000001,41.90740000000001,48.4982,90.4056,0.30170088939251277,1.8641021728641092,1.8641021728641092,0.6227795285294899,65.30380000000001,19.884699999999995,45.419100000000014,45.419100000000014,19.884699999999995,65.30380000000001,0.5331599922524694,3.284122968915636,3.284122968915636,1.1890996357477541,1.7223424212659204,1.4100090312629867,0.3123333900029337,0.3123333900029337,1.4100090312629867,1.7223424212659204,0.09971211555800077,1.2215116237389954,1.2215116237389954,0.200089127625932,0,all,layer_29
es,it,0.03125,0.03125,0.5,0.03125,0.03125,0.03125,0.6662878925394808,0.1950775935374149,0.2643357981363111,0.1372947103179184,27.79617793543325,27.34306190653131,0.45311602890193825,0.45311602890193825,27.34306190653131,27.79617793543325,0.008217669126390081,1.0165715175004848,1.0165715175004848,0.016435708227705348,918.9209597391788,1085.31105668917,166.3900969499913,-166.3900969499913,918.9209597391788,1085.31105668917,-0.0830193787875455,1.1810711739529995,0.846689024382025,-0.16642180123589245,155.70940000000002,176.39159999999998,20.682199999999966,-20.682199999999966,155.70940000000002,176.39159999999998,-0.06227683746811934,1.1328256354465358,0.8827483848437179,-0.12471507386240255,90.4056,94.074,3.6683999999999912,-3.6683999999999912,90.4056,94.074,-0.01988512550981231,1.0405771323900175,0.96100516614579,-0.03977549422421234,65.30380000000001,82.31759999999998,17.013799999999975,-17.013799999999975,65.30380000000001,82.31759999999998,-0.11525293758221952,1.2605330777075563,0.7933151598200049,-0.23153470903700857,1.7223424212659204,1.875030295299425,0.1526878740335047,-0.1526878740335047,1.7223424212659204,1.875030295299425,-0.04244427421444494,1.0886512880058952,0.9185677829221205,-0.08493957963814369,0,all,layer_29
es,ja,0.0,0.0,0.0,0.0,0.0,0.03125,0.324828462515883,0.0951041666666666,0.2625264952963613,0.1016417580762635,27.79617793543325,85.29625118472661,57.500073249293365,-57.500073249293365,27.79617793543325,85.29625118472661,-0.5084343284217502,3.0686323631563726,0.32587807259236484,-1.1212319780276152,918.9209597391788,1582.7700649985616,663.8491052593828,-663.8491052593828,918.9209597391788,1582.7700649985616,-0.26536014987261497,1.7224224218890427,0.5805776720575098,-0.5437316848008908,155.70940000000002,265.3564,109.64699999999999,-109.64699999999999,155.70940000000002,265.3564,-0.2604034808811348,1.7041771402368662,0.5867934596640572,-0.5330823785421925,90.4056,77.98259999999999,12.423000000000016,12.423000000000016,77.98259999999999,90.4056,0.07377595342191402,1.1593047679866901,1.1593047679866901,0.1478204875009972,65.30380000000001,187.37380000000002,122.07000000000001,-122.07000000000001,65.30380000000001,187.37380000000002,-0.4831057442369229,2.8692633506778646,0.348521511545369,-1.0540553245879005,1.7223424212659204,3.4027642063741994,1.680421785108279,-1.680421785108279,1.7223424212659204,3.4027642063741994,-0.32788035590231407,1.9756606841694082,0.5061597915127504,-0.680902866042905,0,all,layer_29
es,zh,0.0,0.0,0.0,0.0,0.0,0.0,0.578860652265989,0.1694804067460317,0.2767827146397394,0.1299893559434943,27.79617793543325,100.15794847976602,72.36177054433277,-72.36177054433277,27.79617793543325,100.15794847976602,-0.565529010838814,3.6032992993646733,0.2775234353072675,-1.2818498978037232,918.9209597391788,1177.613024380246,258.6920646410673,-258.6920646410673,918.9209597391788,1177.613024380246,-0.12339035121804699,1.2815172098310736,0.780325064953139,-0.2480446961747127,155.70940000000002,190.7283,35.018899999999974,-35.018899999999974,155.70940000000002,190.7283,-0.10108282095164547,1.224899074815,0.8163937915872957,-0.20285845269650338,90.4056,52.88629999999999,37.519300000000015,37.519300000000015,52.88629999999999,90.4056,0.2618382476608919,1.7094332558715264,1.7094332558715264,0.536161886264849,65.30380000000001,137.84199999999998,72.53819999999997,-72.53819999999997,65.30380000000001,137.84199999999998,-0.3570745740251564,2.1107806896382426,0.47375836102203644,-0.7470578741458924,1.7223424212659204,3.606383883916939,1.8840414626510185,-1.8840414626510185,1.7223424212659204,3.606383883916939,-0.35356318841487444,2.093883213573846,0.4775815544613584,-0.7390203389610498,0,all,layer_29
fr,de,0.0454545454545454,0.0,0.0,0.0,0.0454545454545454,0.0454545454545454,0.3286449471716344,0.0940704665704665,0.2972510183138358,0.1219861735471347,33.1562661065526,46.66157491856247,13.505308812009872,-13.505308812009872,33.1562661065526,46.66157491856247,-0.1692016300937054,1.4073229708256998,0.710568945956472,-0.3416892975090229,1024.7063792763029,1388.7379995252757,364.0316202489728,-364.0316202489728,1024.7063792763029,1388.7379995252757,-0.15083489118143106,1.3552545661968731,0.7378687553927281,-0.3039893084179912,167.8364,221.1168,53.280400000000014,-53.280400000000014,167.8364,221.1168,-0.1369840896025534,1.3174543781920889,0.7590395664191922,-0.27570137327565014,77.91829999999999,103.82460000000002,25.90630000000003,-25.90630000000003,77.91829999999999,103.82460000000002,-0.14254367020664843,1.332480303086678,0.7504801366920675,-0.2870420950249244,89.91810000000001,117.2922,27.374099999999984,-27.374099999999984,89.91810000000001,117.2922,-0.13210781510378514,1.3044337013348668,0.7666161944272445,-0.2657690012558733,2.154004900004208,2.1297149230528976,0.02428997695131052,0.02428997695131052,2.1297149230528976,2.154004900004208,0.005670300102393285,1.0114052715165651,1.0114052715165651,0.011340721749267701,0,all,layer_29
fr,en,0.0,0.0,0.0,0.0,0.0,0.0454545454545454,0.6037649689246978,0.1728200990596325,0.3095238583265589,0.1579915508307261,33.1562661065526,41.43748475512008,8.281218648567481,-8.281218648567481,33.1562661065526,41.43748475512008,-0.11101759266569311,1.2497633063371278,0.8001515126338589,-0.2229541784540281,1024.7063792763029,1216.3906104199775,191.68423114367465,-191.68423114367465,1024.7063792763029,1216.3906104199775,-0.08553143037760812,1.1870625918022002,0.8424155616611563,-0.17148184532592392,167.8364,208.8505,41.01410000000001,-41.01410000000001,167.8364,208.8505,-0.10888114240235033,1.2443695169820062,0.8036198141732923,-0.21862898958413446,77.91829999999999,76.4522,1.466099999999983,1.466099999999983,76.4522,77.91829999999999,0.009497280892398312,1.0191766881790056,1.0191766881790056,0.01899513290838062,89.91810000000001,132.3983,42.480199999999996,-42.480199999999996,89.91810000000001,132.3983,-0.19107992032976337,1.4724321354654795,0.6791484482806753,-0.3869155475124151,2.154004900004208,2.731778810812472,0.577773910808264,-0.577773910808264,2.154004900004208,2.731778810812472,-0.11825613760367798,1.2682324031880647,0.7884990144435545,-0.23762412249241793,0,all,layer_29
fr,es,0.0454545454545454,0.0,0.0,0.0,0.0909090909090909,0.0454545454545454,0.581232438345363,0.1663704466829466,0.3122088280423144,0.1556185603265961,33.1562661065526,27.79617793543325,5.360088171119351,5.360088171119351,27.79617793543325,33.1562661065526,0.08793885553509675,1.1928354388710893,1.1928354388710893,0.17633319468358222,1024.7063792763029,918.9209597391788,105.78541953712408,105.78541953712408,918.9209597391788,1024.7063792763029,0.05442680158569298,1.1151191714760196,1.1151191714760196,0.10896127944834699,167.8364,155.70940000000002,12.126999999999981,12.126999999999981,155.70940000000002,167.8364,0.03748155593427559,1.0778822601589815,1.0778822601589815,0.0749982458900611,77.91829999999999,90.4056,12.487300000000019,-12.487300000000019,77.91829999999999,90.4056,-0.07418613755978769,1.1602614533427817,0.8618747068765555,-0.14864537053433402,89.91810000000001,65.30380000000001,24.6143,24.6143,65.30380000000001,89.91810000000001,0.15857491758572625,1.3769198729629613,1.3769198729629613,0.31984902848406804,2.154004900004208,1.7223424212659204,0.43166247873828767,0.43166247873828767,1.7223424212659204,2.154004900004208,0.11135804997905535,1.2506252377037577,1.2506252377037577,0.2236436164242792,0,all,layer_29
fr,hi,0.0,0.0,0.0,0.0,0.0,0.0,0.3252967000651164,0.0931120731120731,0.2964694763919387,0.121427361651759,33.1562661065526,4.710615348837735,28.445650757714866,28.445650757714866,4.710615348837735,33.1562661065526,0.7512013047925521,7.038627366321962,7.038627366321962,1.9514131747848953,1024.7063792763029,569.7133468680054,454.9930324082975,454.9930324082975,569.7133468680054,1024.7063792763029,0.2853659077014684,1.7986350239284656,1.7986350239284656,0.5870280571922972,167.8364,96.76140000000001,71.07499999999999,71.07499999999999,96.76140000000001,167.8364,0.26861523414026767,1.7345387726923986,1.7345387726923986,0.5507415409929921,77.91829999999999,55.472,22.446299999999987,22.446299999999987,55.472,77.91829999999999,0.16827535435485053,1.404641981540211,1.404641981540211,0.33978245290514675,89.91810000000001,41.28940000000001,48.6287,48.6287,41.28940000000001,89.91810000000001,0.3706243926604777,2.177752643535576,2.177752643535576,0.7782934475999985,2.154004900004208,1.7443286703201302,0.4096762296840779,0.4096762296840779,1.7443286703201302,2.154004900004208,0.10509009100775542,1.2348618334683776,1.2348618334683776,0.2109590880877409,0,all,layer_29
fr,id,0.0,0.0,0.0,0.0,0.0,0.0,0.5244086208356169,0.1501053463932251,0.3160353320657924,0.1492510447182192,33.1562661065526,11.16097904154046,21.995287065012143,21.995287065012143,11.16097904154046,33.1562661065526,0.49631440292624074,2.9707309711042464,2.9707309711042464,1.0888080407494365,1024.7063792763029,420.2703230728771,604.4360562034258,604.4360562034258,420.2703230728771,1024.7063792763029,0.41830159283589813,2.4382077986948674,2.4382077986948674,0.8912632606897981,167.8364,68.38289999999999,99.4535,99.4535,68.38289999999999,167.8364,0.42102190633872677,2.454362128543796,2.454362128543796,0.8978669020456032,77.91829999999999,48.4982,29.42009999999999,29.42009999999999,48.4982,77.91829999999999,0.23272357643187214,1.606622513825222,1.606622513825222,0.4741341579951559,89.91810000000001,19.884699999999995,70.03340000000001,70.03340000000001,19.884699999999995,89.91810000000001,0.6378106933520764,4.521974181154129,4.521974181154129,1.5089486642318222,2.154004900004208,1.4100090312629867,0.7439958687412214,0.7439958687412214,1.4100090312629867,2.154004900004208,0.2087522336020956,1.5276532647973713,1.5276532647973713,0.4237327440502112,0,all,layer_29
fr,it,0.0,0.0,0.0,0.0,0.0,0.0,0.3942387674081543,0.1128458694083694,0.3092531575202563,0.1322145111321527,33.1562661065526,27.34306190653131,5.813204200021289,5.813204200021289,27.34306190653131,33.1562661065526,0.09608708709564506,1.2126025322215837,1.2126025322215837,0.19276890291128757,1024.7063792763029,1085.31105668917,60.604677412867204,-60.604677412867204,1024.7063792763029,1085.31105668917,-0.028722358583324465,1.059143456738962,0.944159163366724,-0.05746052178754546,167.8364,176.39159999999998,8.555199999999985,-8.555199999999985,167.8364,176.39159999999998,-0.024853294909187983,1.0509734479528812,0.9514988242070431,-0.04971682797234145,77.91829999999999,94.074,16.15570000000001,-16.15570000000001,77.91829999999999,94.074,-0.09393269349848753,1.207341535942119,0.8282660458787674,-0.18842086475854636,89.91810000000001,82.31759999999998,7.600500000000025,7.600500000000025,82.31759999999998,89.91810000000001,0.04412848207427369,1.092331409078969,1.092331409078969,0.08831431944705948,2.154004900004208,1.875030295299425,0.27897460470478297,0.27897460470478297,1.875030295299425,2.154004900004208,0.06924104436463972,1.1487840518646577,1.1487840518646577,0.13870403678613552,0,all,layer_29
fr,ja,0.0,0.0,0.0,0.0454545454545454,0.0,0.0454545454545454,0.2494371530542682,0.071398235602781,0.2738153824606946,0.1075957810923277,33.1562661065526,85.29625118472661,52.139985078174014,-52.139985078174014,33.1562661065526,85.29625118472661,-0.4401762518052646,2.5725529802002383,0.38871891373919215,-0.944898783344033,1024.7063792763029,1582.7700649985616,558.0636857222587,-558.0636857222587,1024.7063792763029,1582.7700649985616,-0.21402443997052298,1.544608384419729,0.6474132926422471,-0.43477040535254385,167.8364,265.3564,97.52000000000001,-97.52000000000001,167.8364,265.3564,-0.22511916172198562,1.5810420147238526,0.6324942605492061,-0.45808413265213144,77.91829999999999,77.98259999999999,0.06430000000000291,-0.06430000000000291,77.91829999999999,77.98259999999999,-0.00041244149328196637,1.000825223342899,0.9991754570891327,-0.0008248830333368318,89.91810000000001,187.37380000000002,97.45570000000001,-97.45570000000001,89.91810000000001,187.37380000000002,-0.35145527150270034,2.0838273940396643,0.47988619540191596,-0.7342062961038325,2.154004900004208,3.4027642063741994,1.2487593063699913,-1.2487593063699913,2.154004900004208,3.4027642063741994,-0.22472758584414862,1.5797383777381249,0.6330162095770855,-0.45725924961862574,0,all,layer_29
fr,zh,0.0,0.0,0.0,0.0,0.0,0.0454545454545454,0.6367317561810008,0.1822564256644354,0.3043516865451039,0.1613194546300354,33.1562661065526,100.15794847976602,67.00168237321341,-67.00168237321341,33.1562661065526,100.15794847976602,-0.5025846837197582,3.020784914618869,0.33103978875176865,-1.105516703120141,1024.7063792763029,1177.613024380246,152.90664510394322,-152.90664510394322,1024.7063792763029,1177.613024380246,-0.06942982241816041,1.1492199601723299,0.8701554399125165,-0.1390834167263657,167.8364,190.7283,22.891899999999993,-22.891899999999993,167.8364,190.7283,-0.0638431502041331,1.136394131427979,0.8799763852558804,-0.12786020680644228,77.91829999999999,52.88629999999999,25.031999999999996,25.031999999999996,52.88629999999999,77.91829999999999,0.19136941667188928,1.473317286329324,1.473317286329324,0.38751651573051493,89.91810000000001,137.84199999999998,47.923899999999975,-47.923899999999975,89.91810000000001,137.84199999999998,-0.21041393993065408,1.5329727830103,0.652327302273613,-0.4272088456618244,2.154004900004208,3.606383883916939,1.4523789839127308,-1.4523789839127308,2.154004900004208,3.606383883916939,-0.25213211093780225,1.674269117915293,0.5972755450715133,-0.5153767225367706,0,all,layer_29
hi,de,0.015625,0.0,0.0,0.0,0.015625,0.03125,0.3654790555068982,0.0900721906655382,0.1826662680838674,0.0701385746352819,4.710615348837735,46.66157491856247,41.95095956972474,-41.95095956972474,4.710615348837735,46.66157491856247,-0.8166083507703814,9.905621975707595,0.10095277231981514,-2.293102472293918,569.7133468680054,1388.7379995252757,819.0246526572703,-819.0246526572703,569.7133468680054,1388.7379995252757,-0.4182001529757685,2.4376083291006774,0.41023817816085906,-0.8910173656102884,96.76140000000001,221.1168,124.3554,-124.3554,96.76140000000001,221.1168,-0.3912045557071847,2.2851757002275463,0.4376031129249318,-0.8264429142686422,55.472,103.82460000000002,48.35260000000002,-48.35260000000002,55.472,103.82460000000002,-0.3035381797226037,1.8716577732909963,0.5342857087819213,-0.6268245479300711,41.28940000000001,117.2922,76.00279999999998,-76.00279999999998,41.28940000000001,117.2922,-0.47926619481705,2.8407339413989336,0.3520217030629459,-1.0440624488558718,1.7443286703201302,2.1297149230528976,0.3853862527327674,-0.3853862527327674,1.7443286703201302,2.1297149230528976,-0.09947906972237301,1.2209367186866324,0.8190432679219132,-0.19961836633847319,0,all,layer_29
hi,en,0.0625,0.0,0.0,0.0625,0.015625,0.0625,0.3235716664469511,0.0797441286854415,0.1774599138153068,0.0663684631483267,4.710615348837735,41.43748475512008,36.72686940628235,-36.72686940628235,4.710615348837735,41.43748475512008,-0.795847918409359,8.796618209409793,0.11368005024135955,-2.1743673532389236,569.7133468680054,1216.3906104199775,646.6772635519721,-646.6772635519721,569.7133468680054,1216.3906104199775,-0.3620602602179357,2.1350923532107386,0.4683638150341383,-0.7585099025182211,96.76140000000001,208.8505,112.0891,-112.0891,96.76140000000001,208.8505,-0.36676942226398784,2.1584071747618148,0.4633046126296061,-0.7693705305771266,55.472,76.4522,20.980200000000004,-20.980200000000004,55.472,76.4522,-0.15903223214542778,1.3782124314969466,0.7255775504171139,-0.32078731999676613,41.28940000000001,132.3983,91.1089,-91.1089,41.28940000000001,132.3983,-0.5245558551353923,3.206592975436717,0.31185747853257706,-1.1652089951124136,1.7443286703201302,2.731778810812472,0.9874501404923419,-0.9874501404923419,1.7443286703201302,2.731778810812472,-0.2206046536313878,1.5660917906655474,0.638532176695778,-0.4485832105801588,0,all,layer_29
hi,es,0.03125,0.0,0.0,0.015625,0.03125,0.078125,0.2717919465233491,0.066983034074703,0.1687524780534907,0.0612470650616145,4.710615348837735,27.79617793543325,23.085562586595515,-23.085562586595515,4.710615348837735,27.79617793543325,-0.7101765586261375,5.900753060273874,0.1694698947380351,-1.775079980101313,569.7133468680054,918.9209597391788,349.2076128711734,-349.2076128711734,569.7133468680054,918.9209597391788,-0.23458253737754342,1.612953189162476,0.619980794680871,-0.47806677774395023,96.76140000000001,155.70940000000002,58.94800000000001,-58.94800000000001,96.76140000000001,155.70940000000002,-0.23348442671390027,1.609209870878247,0.6214229840972952,-0.475743295102931,55.472,90.4056,34.933600000000006,-34.933600000000006,55.472,90.4056,-0.23947199570050348,1.6297519469281507,0.6135903085649493,-0.48842782343948077,41.28940000000001,65.30380000000001,24.014400000000002,-24.014400000000002,41.28940000000001,65.30380000000001,-0.2252901686036236,1.5816117453873975,0.6322664224746396,-0.4584444191159305,1.7443286703201302,1.7223424212659204,0.02198624905420976,0.02198624905420976,1.7223424212659204,1.7443286703201302,0.0063421791318957815,1.0127653181978977,1.0127653181978977,0.012684528336538325,0,all,layer_29
hi,fr,0.03125,0.0,0.0,0.046875,0.03125,0.046875,0.3483569787306569,0.0858524605859564,0.1807262595090004,0.0686345237915921,4.710615348837735,33.1562661065526,28.445650757714866,-28.445650757714866,4.710615348837735,33.1562661065526,-0.7512013047925521,7.038627366321962,0.14207315545421578,-1.9514131747848953,569.7133468680054,1024.7063792763029,454.9930324082975,-454.9930324082975,569.7133468680054,1024.7063792763029,-0.2853659077014684,1.7986350239284656,0.5559771641807909,-0.5870280571922972,96.76140000000001,167.8364,71.07499999999999,-71.07499999999999,96.76140000000001,167.8364,-0.26861523414026767,1.7345387726923986,0.5765221370334411,-0.5507415409929921,55.472,77.91829999999999,22.446299999999987,-22.446299999999987,55.472,77.91829999999999,-0.16827535435485053,1.404641981540211,0.7119251831726219,-0.33978245290514675,41.28940000000001,89.91810000000001,48.6287,-48.6287,41.28940000000001,89.91810000000001,-0.3706243926604777,2.177752643535576,0.4591889730766058,-0.7782934475999985,1.7443286703201302,2.154004900004208,0.4096762296840779,-0.4096762296840779,1.7443286703201302,2.154004900004208,-0.10509009100775542,1.2348618334683776,0.8098071969640889,-0.2109590880877409,0,all,layer_29
hi,id,0.03125,0.0,0.0,0.046875,0.03125,0.0625,0.3226941549237535,0.0795278662648247,0.1773340323156645,0.066286195273931,4.710615348837735,11.16097904154046,6.450363692702724,-6.450363692702724,4.710615348837735,11.16097904154046,-0.4064093079780761,2.3693250700870476,0.4220611230703597,-0.8626051340354588,569.7133468680054,420.2703230728771,149.44302379512828,149.44302379512828,420.2703230728771,569.7133468680054,0.1509550392927716,1.3555878576018623,1.3555878576018623,0.3042352034975009,96.76140000000001,68.38289999999999,28.378500000000017,28.378500000000017,68.38289999999999,96.76140000000001,0.17184062665196345,1.4149940994020231,1.4149940994020231,0.34712536105261105,55.472,48.4982,6.973800000000004,6.973800000000004,48.4982,55.472,0.06707498879486562,1.143795027444294,1.143795027444294,0.13435170509000915,41.28940000000001,19.884699999999995,21.404700000000012,21.404700000000012,19.884699999999995,41.28940000000001,0.34989807778127774,2.076440680523113,2.076440680523113,0.7306552166318236,1.7443286703201302,1.4100090312629867,0.33431963905714346,0.33431963905714346,1.4100090312629867,1.7443286703201302,0.10598726917832775,1.2371046082991726,1.2371046082991726,0.21277365596247033,0,all,layer_29
hi,it,0.046875,0.015625,0.5,0.046875,0.015625,0.078125,0.2349664710391955,0.0579074079911307,0.1608226855114183,0.0572231763931653,4.710615348837735,27.34306190653131,22.632446557693576,-22.632446557693576,4.710615348837735,27.34306190653131,-0.7060795670144803,5.804562648757119,0.17227826806449795,-1.7586442718736077,569.7133468680054,1085.31105668917,515.5977098211647,-515.5977098211647,569.7133468680054,1085.31105668917,-0.31153480801429906,1.905012516655362,0.5249309341839398,-0.6444885789798427,96.76140000000001,176.39159999999998,79.63019999999997,-79.63019999999997,96.76140000000001,176.39159999999998,-0.29152233363719116,1.8229541945444998,0.5485601355166543,-0.6004583689653336,55.472,94.074,38.602,-38.602,55.472,94.074,-0.2581279338798747,1.6958826074415614,0.5896634564279123,-0.5282033176636931,41.28940000000001,82.31759999999998,41.02819999999998,-41.02819999999998,41.28940000000001,82.31759999999998,-0.3319245673788673,1.9936739211516266,0.5015865379942991,-0.689979128152939,1.7443286703201302,1.875030295299425,0.13070162497929494,-0.13070162497929494,1.7443286703201302,1.875030295299425,-0.03611181599305267,1.0749294712642845,0.9302935929579988,-0.07225505130160537,0,all,layer_29
hi,ja,0.046875,0.0,0.0,0.046875,0.015625,0.03125,0.400997858792783,0.0988257878240423,0.1859042602722389,0.0731135084113082,4.710615348837735,85.29625118472661,80.58563583588888,-80.58563583588888,4.710615348837735,85.29625118472661,-0.8953276448729265,18.107241807751063,0.05522652265966381,-2.896311958128928,569.7133468680054,1582.7700649985616,1013.0567181305562,-1013.0567181305562,569.7133468680054,1582.7700649985616,-0.47064554019120847,2.77818673847089,0.3599470064961854,-1.021798462544841,96.76140000000001,265.3564,168.595,-168.595,96.76140000000001,265.3564,-0.46558053760406015,2.742378675794245,0.3646469427532166,-1.0088256736451235,55.472,77.98259999999999,22.51059999999999,-22.51059999999999,55.472,77.98259999999999,-0.16867608909696497,1.4058011248918116,0.7113381703097781,-0.3406073359384836,41.28940000000001,187.37380000000002,146.08440000000002,-146.08440000000002,41.28940000000001,187.37380000000002,-0.6388627466072344,4.538060616041779,0.2203584492602476,-1.512499743703831,1.7443286703201302,3.4027642063741994,1.6584355360540692,-1.6584355360540692,1.7443286703201302,3.4027642063741994,-0.32220820097554975,1.950758629534967,0.5126210823106898,-0.6682183377063666,0,all,layer_29
hi,zh,0.046875,0.015625,0.5,0.046875,0.03125,0.078125,0.5229654703389388,0.1288846647875084,0.1894591321587223,0.0820911910408373,4.710615348837735,100.15794847976602,95.44733313092829,-95.44733313092829,4.710615348837735,100.15794847976602,-0.9101615359863767,21.262179367809566,0.047031867368862196,-3.056929877905036,569.7133468680054,1177.613024380246,607.8996775122407,-607.8996775122407,569.7133468680054,1177.613024380246,-0.34790276591428665,2.0670272705636306,0.48378655387905,-0.7261114739186629,96.76140000000001,190.7283,93.96689999999998,-93.96689999999998,96.76140000000001,190.7283,-0.32685310117197125,1.9711196820219428,0.5073258661666858,-0.6786017477994344,55.472,52.88629999999999,2.58570000000001,2.58570000000001,52.88629999999999,55.472,0.023862500611397434,1.0488916789414076,1.0488916789414076,0.047734062825368184,41.28940000000001,137.84199999999998,96.55259999999998,-96.55259999999998,41.28940000000001,137.84199999999998,-0.539004328665993,3.3384355306688063,0.2995415040408563,-1.205502293261823,1.7443286703201302,3.606383883916939,1.8620552135968087,-1.8620552135968087,1.7443286703201302,3.606383883916939,-0.3480013539733049,2.067491032669322,0.48367803496978506,-0.7263358106245115,0,all,layer_29
id,de,0.0,0.0,0.0,0.032258064516129,0.0,0.032258064516129,0.3959696036937284,0.0851220016542597,0.2920108687671199,0.0982357917160255,11.16097904154046,46.66157491856247,35.500595877022015,-35.500595877022015,11.16097904154046,46.66157491856247,-0.6139575900005474,4.180777935778471,0.23918993435217856,-1.4304973382584594,420.2703230728771,1388.7379995252757,968.4676764523986,-968.4676764523986,420.2703230728771,1388.7379995252757,-0.5353583310559099,3.3043922525180482,0.30262751016861456,-1.1952525691077893,68.38289999999999,221.1168,152.7339,-152.7339,68.38289999999999,221.1168,-0.527578785055734,3.2335101319188984,0.30926144010767015,-1.1735682753212533,48.4982,103.82460000000002,55.32640000000002,-55.32640000000002,48.4982,103.82460000000002,-0.3632181131124142,2.14079285416774,0.46711665636081934,-0.7611762530200803,19.884699999999995,117.2922,97.4075,-97.4075,19.884699999999995,117.2922,-0.710086756589479,5.898615518463649,0.16953130728215368,-1.7747176654876955,1.4100090312629867,2.1297149230528976,0.7197058917899108,-0.7197058917899108,1.4100090312629867,2.1297149230528976,-0.20332260398785917,1.5104264411297696,0.6620646810518231,-0.4123920223009435,0,all,layer_29
id,en,0.032258064516129,0.0,0.0,0.032258064516129,0.032258064516129,0.064516129032258,0.5653929867445249,0.1215431242803159,0.2959799337383702,0.11502511210052,11.16097904154046,41.43748475512008,30.276505713579624,-30.276505713579624,11.16097904154046,41.43748475512008,-0.5756157790201716,3.712710560685462,0.2693449930056655,-1.3117622192034646,420.2703230728771,1216.3906104199775,796.1202873471004,-796.1202873471004,420.2703230728771,1216.3906104199775,-0.4864295780849807,2.894305268871069,0.34550605658471173,-1.062745106015722,68.38289999999999,208.8505,140.4676,-140.4676,68.38289999999999,208.8505,-0.506676323992706,3.0541334163949907,0.3274251198824023,-1.1164958916297376,48.4982,76.4522,27.954000000000008,-27.954000000000008,48.4982,76.4522,-0.22372077240248758,1.5763925259081457,0.6343597698954296,-0.4551390250867753,19.884699999999995,132.3983,112.51360000000001,-112.51360000000001,19.884699999999995,132.3983,-0.7388454390838063,6.6583001000766115,0.15018848429322615,-1.8958642117442372,1.4100090312629867,2.731778810812472,1.3217697795494854,-1.3217697795494854,1.4100090312629867,2.731778810812472,-0.3191302476002306,1.9374193712529626,0.5161505117770178,-0.6613568665426292,0,all,layer_29
id,es,0.0,0.0,0.0,0.0,0.0,0.0,0.4513648411782309,0.097030374046503,0.2971285449350244,0.1041975884530453,11.16097904154046,27.79617793543325,16.63519889389279,-16.63519889389279,11.16097904154046,27.79617793543325,-0.4270126514551584,2.490478463580582,0.40152927022792484,-0.9124748460658543,420.2703230728771,918.9209597391788,498.6506366663017,-498.6506366663017,420.2703230728771,918.9209597391788,-0.3723520628205006,2.186499758108856,0.45735198290847967,-0.7823019812414511,68.38289999999999,155.70940000000002,87.32650000000002,-87.32650000000002,68.38289999999999,155.70940000000002,-0.3896898733245169,2.2770224719922343,0.4391700179950571,-0.822868656155542,48.4982,90.4056,41.90740000000001,-41.90740000000001,48.4982,90.4056,-0.30170088939251277,1.8641021728641092,0.5364512817789988,-0.6227795285294899,19.884699999999995,65.30380000000001,45.419100000000014,-45.419100000000014,19.884699999999995,65.30380000000001,-0.5331599922524694,3.284122968915636,0.30449529736400777,-1.1890996357477541,1.4100090312629867,1.7223424212659204,0.3123333900029337,-0.3123333900029337,1.4100090312629867,1.7223424212659204,-0.09971211555800077,1.2215116237389954,0.8186577848008948,-0.200089127625932,0,all,layer_29
id,fr,0.032258064516129,0.0,0.0,0.0,0.032258064516129,0.032258064516129,0.3587918430165449,0.0771298593879239,0.2863910849216721,0.0939179947261489,11.16097904154046,33.1562661065526,21.995287065012143,-21.995287065012143,11.16097904154046,33.1562661065526,-0.49631440292624074,2.9707309711042464,0.33661748900411925,-1.0888080407494365,420.2703230728771,1024.7063792763029,604.4360562034258,-604.4360562034258,420.2703230728771,1024.7063792763029,-0.41830159283589813,2.4382077986948674,0.4101373150128058,-0.8912632606897981,68.38289999999999,167.8364,99.4535,-99.4535,68.38289999999999,167.8364,-0.42102190633872677,2.454362128543796,0.40743783827584235,-0.8978669020456032,48.4982,77.91829999999999,29.42009999999999,-29.42009999999999,48.4982,77.91829999999999,-0.23272357643187214,1.606622513825222,0.6224237438445062,-0.4741341579951559,19.884699999999995,89.91810000000001,70.03340000000001,-70.03340000000001,19.884699999999995,89.91810000000001,-0.6378106933520764,4.521974181154129,0.22114235065020027,-1.5089486642318222,1.4100090312629867,2.154004900004208,0.7439958687412214,-0.7439958687412214,1.4100090312629867,2.154004900004208,-0.2087522336020956,1.5276532647973713,0.6545988039579563,-0.4237327440502112,0,all,layer_29
id,hi,0.0,0.0,0.0,0.0,0.0,0.0,0.3037853386833765,0.0653050533695695,0.2745956684803,0.0869712247210334,11.16097904154046,4.710615348837735,6.450363692702724,6.450363692702724,4.710615348837735,11.16097904154046,0.4064093079780761,2.3693250700870476,2.3693250700870476,0.8626051340354588,420.2703230728771,569.7133468680054,149.44302379512828,-149.44302379512828,420.2703230728771,569.7133468680054,-0.1509550392927716,1.3555878576018623,0.7376873394020153,-0.3042352034975009,68.38289999999999,96.76140000000001,28.378500000000017,-28.378500000000017,68.38289999999999,96.76140000000001,-0.17184062665196345,1.4149940994020231,0.7067167279514278,-0.34712536105261105,48.4982,55.472,6.973800000000004,-6.973800000000004,48.4982,55.472,-0.06707498879486562,1.143795027444294,0.874282520911435,-0.13435170509000915,19.884699999999995,41.28940000000001,21.404700000000012,-21.404700000000012,19.884699999999995,41.28940000000001,-0.34989807778127774,2.076440680523113,0.4815933387261503,-0.7306552166318236,1.4100090312629867,1.7443286703201302,0.33431963905714346,-0.33431963905714346,1.4100090312629867,1.7443286703201302,-0.10598726917832775,1.2371046082991726,0.8083390792421044,-0.21277365596247033,0,all,layer_29
id,it,0.0,0.0,0.0,0.0,0.0,0.064516129032258,0.4417793473680354,0.0949697703729961,0.2965134170203373,0.103202800138028,11.16097904154046,27.34306190653131,16.182082864990853,-16.182082864990853,11.16097904154046,27.34306190653131,-0.42026972926852785,2.449880230467212,0.4081832195564784,-0.8960391378381489,420.2703230728771,1085.31105668917,665.040733616293,-665.040733616293,420.2703230728771,1085.31105668917,-0.44171689591525126,2.5824118361575787,0.38723490420796564,-0.9487237824773436,68.38289999999999,176.39159999999998,108.00869999999999,-108.00869999999999,68.38289999999999,176.39159999999998,-0.4412579741762298,2.5794694287606617,0.3876766240569257,-0.9475837300179446,48.4982,94.074,45.5758,-45.5758,48.4982,94.074,-0.3196682102120868,1.9397420935209566,0.5155324531751545,-0.6625550227537023,19.884699999999995,82.31759999999998,62.43289999999999,-62.43289999999999,19.884699999999995,82.31759999999998,-0.6108756847937805,4.139745633577367,0.2415607354927714,-1.4206343447847627,1.4100090312629867,1.875030295299425,0.4650212640364384,-0.4650212640364384,1.4100090312629867,1.875030295299425,-0.14155728982487173,1.329800202498402,0.751992666356929,-0.2850287072640757,0,all,layer_29
id,ja,0.0,0.0,0.0,0.0,0.0,0.032258064516129,0.4679516541771256,0.1005960586605748,0.2979303432628424,0.1058851655645606,11.16097904154046,85.29625118472661,74.13527214318616,-74.13527214318616,11.16097904154046,85.29625118472661,-0.7685818053170368,7.642362813087607,0.13084958467129967,-2.0337068240934695,420.2703230728771,1582.7700649985616,1162.4997419256845,-1162.4997419256845,420.2703230728771,1582.7700649985616,-0.5803675995994062,3.766076208821666,0.2655283495478914,-1.326033666042342,68.38289999999999,265.3564,196.9735,-196.9735,68.38289999999999,265.3564,-0.5902016933576579,3.8804496445748304,0.2577020942400475,-1.3559510346977346,48.4982,77.98259999999999,29.484399999999994,-29.484399999999994,48.4982,77.98259999999999,-0.2331136425449536,1.6079483362268783,0.6219105287589717,-0.47495904102849273,19.884699999999995,187.37380000000002,167.4891,-167.4891,19.884699999999995,187.37380000000002,-0.8081169167971358,9.423013673829157,0.1061231612957622,-2.2431549603356546,1.4100090312629867,3.4027642063741994,1.9927551751112127,-1.9927551751112127,1.4100090312629867,3.4027642063741994,-0.414055488741276,2.4132924902784696,0.41437165367535156,-0.880991993668837,0,all,layer_29
id,zh,0.032258064516129,0.0,0.0,0.032258064516129,0.032258064516129,0.032258064516129,0.5641446081379556,0.1212747590198963,0.2960773106142916,0.1149156042504878,11.16097904154046,100.15794847976602,88.99696943822556,-88.99696943822556,11.16097904154046,100.15794847976602,-0.799477424189078,8.973939302903041,0.11143378245007782,-2.1943247438695774,420.2703230728771,1177.613024380246,757.342701307369,-757.342701307369,420.2703230728771,1177.613024380246,-0.4739662019223757,2.802037069307982,0.35688321576950677,-1.0303466774161638,68.38289999999999,190.7283,122.3454,-122.3454,68.38289999999999,190.7283,-0.47217333716180354,2.78912271927627,0.35853567614244786,-1.0257271088520454,48.4982,52.88629999999999,4.388099999999994,-4.388099999999994,48.4982,52.88629999999999,-0.04328176397772788,1.0904796466672764,0.9170276612279378,-0.08661764226464097,19.884699999999995,137.84199999999998,117.95729999999999,-117.95729999999999,19.884699999999995,137.84199999999998,-0.7478587962596013,6.932063345184645,0.14425719301809212,-1.9361575098936465,1.4100090312629867,3.606383883916939,2.1963748526539524,-2.1963748526539524,1.4100090312629867,3.606383883916939,-0.4378394774474591,2.5577026841338997,0.3909758574373306,-0.9391094665869818,0,all,layer_29
it,de,0.0689655172413793,0.0344827586206896,0.25,0.0689655172413793,0.0689655172413793,0.1034482758620689,0.438655462184874,0.09,0.3666903984735205,0.1041576188573321,27.34306190653131,46.66157491856247,19.31851301203116,-19.31851301203116,27.34306190653131,46.66157491856247,-0.2610446296451563,1.706523398076897,0.585986691496205,-0.5344582004203104,1085.31105668917,1388.7379995252757,303.4269428361056,-303.4269428361056,1085.31105668917,1388.7379995252757,-0.12264386677133252,1.2795760173693733,0.7815088642063303,-0.24652878663044575,176.39159999999998,221.1168,44.72520000000003,-44.72520000000003,176.39159999999998,221.1168,-0.11251384876395043,1.253556291796201,0.7977304302522431,-0.2259845453033087,94.074,103.82460000000002,9.75060000000002,-9.75060000000002,94.074,103.82460000000002,-0.049270687109458935,1.1036481918489585,0.9060858409278637,-0.09862123026637803,82.31759999999998,117.2922,34.97460000000001,-34.97460000000001,82.31759999999998,117.2922,-0.17521484416095723,1.424873903029226,0.7018164890759939,-0.3540833207029328,1.875030295299425,2.1297149230528976,0.25468462775347245,-0.25468462775347245,1.875030295299425,2.1297149230528976,-0.06359571305217615,1.1358296068019882,0.8804137469303787,-0.12736331503686782,0,all,layer_29
it,en,0.0689655172413793,0.0,0.0,0.0689655172413793,0.0344827586206896,0.1034482758620689,0.642857142857143,0.1318965517241379,0.354079870936659,0.1231548596215267,27.34306190653131,41.43748475512008,14.09442284858877,-14.09442284858877,27.34306190653131,41.43748475512008,-0.2049187384032078,1.5154661499420659,0.6598629735399685,-0.41572308136531566,1085.31105668917,1216.3906104199775,131.07955373080745,-131.07955373080745,1085.31105668917,1216.3906104199775,-0.05694897631778599,1.1207760235399014,0.8922389299884919,-0.11402132353837846,176.39159999999998,208.8505,32.45890000000003,-32.45890000000003,176.39159999999998,208.8505,-0.08425584846515981,1.184016132287472,0.8445830869449636,-0.168912161611793,94.074,76.4522,17.621799999999993,17.621799999999993,76.4522,94.074,0.10333778621701468,1.2304943481024584,1.2304943481024584,0.20741599766692698,82.31759999999998,132.3983,50.08070000000002,-50.08070000000002,82.31759999999998,132.3983,-0.23324169286019245,1.6083838693061803,0.6217421220665171,-0.47522986695947456,1.875030295299425,2.731778810812472,0.856748515513047,-0.856748515513047,1.875030295299425,2.731778810812472,-0.18597439046827546,1.4569251588411136,0.6863770550812188,-0.37632815927855345,0,all,layer_29
it,es,0.0344827586206896,0.0,0.0,0.1034482758620689,0.0344827586206896,0.0344827586206896,0.469327731092437,0.0962931034482758,0.368785911700216,0.1073644447177263,27.34306190653131,27.79617793543325,0.45311602890193825,-0.45311602890193825,27.34306190653131,27.79617793543325,-0.008217669126390081,1.0165715175004848,0.983698621085408,-0.016435708227705348,1085.31105668917,918.9209597391788,166.3900969499913,166.3900969499913,918.9209597391788,1085.31105668917,0.0830193787875455,1.1810711739529995,1.1810711739529995,0.16642180123589245,176.39159999999998,155.70940000000002,20.682199999999966,20.682199999999966,155.70940000000002,176.39159999999998,0.06227683746811934,1.1328256354465358,1.1328256354465358,0.12471507386240255,94.074,90.4056,3.6683999999999912,3.6683999999999912,90.4056,94.074,0.01988512550981231,1.0405771323900175,1.0405771323900175,0.03977549422421234,82.31759999999998,65.30380000000001,17.013799999999975,17.013799999999975,65.30380000000001,82.31759999999998,0.11525293758221952,1.2605330777075563,1.2605330777075563,0.23153470903700857,1.875030295299425,1.7223424212659204,0.1526878740335047,0.1526878740335047,1.7223424212659204,1.875030295299425,0.04244427421444494,1.0886512880058952,1.0886512880058952,0.08493957963814369,0,all,layer_29
it,fr,0.0344827586206896,0.0,0.0,0.0344827586206896,0.0344827586206896,0.0344827586206896,0.4130252100840336,0.0847413793103448,0.363848862887891,0.1013605061222391,27.34306190653131,33.1562661065526,5.813204200021289,-5.813204200021289,27.34306190653131,33.1562661065526,-0.09608708709564506,1.2126025322215837,0.8246725315407797,-0.19276890291128757,1085.31105668917,1024.7063792763029,60.604677412867204,60.604677412867204,1024.7063792763029,1085.31105668917,0.028722358583324465,1.059143456738962,1.059143456738962,0.05746052178754546,176.39159999999998,167.8364,8.555199999999985,8.555199999999985,167.8364,176.39159999999998,0.024853294909187983,1.0509734479528812,1.0509734479528812,0.04971682797234145,94.074,77.91829999999999,16.15570000000001,16.15570000000001,77.91829999999999,94.074,0.09393269349848753,1.207341535942119,1.207341535942119,0.18842086475854636,82.31759999999998,89.91810000000001,7.600500000000025,-7.600500000000025,82.31759999999998,89.91810000000001,-0.04412848207427369,1.092331409078969,0.9154730805032476,-0.08831431944705948,1.875030295299425,2.154004900004208,0.27897460470478297,-0.27897460470478297,1.875030295299425,2.154004900004208,-0.06924104436463972,1.1487840518646577,0.8704856220591195,-0.13870403678613552,0,all,layer_29
it,hi,0.0,0.0,0.0,0.0,0.0,0.0,0.1092436974789916,0.0224137931034482,0.2305157821302949,0.0538746304434476,27.34306190653131,4.710615348837735,22.632446557693576,22.632446557693576,4.710615348837735,27.34306190653131,0.7060795670144803,5.804562648757119,5.804562648757119,1.7586442718736077,1085.31105668917,569.7133468680054,515.5977098211647,515.5977098211647,569.7133468680054,1085.31105668917,0.31153480801429906,1.905012516655362,1.905012516655362,0.6444885789798427,176.39159999999998,96.76140000000001,79.63019999999997,79.63019999999997,96.76140000000001,176.39159999999998,0.29152233363719116,1.8229541945444998,1.8229541945444998,0.6004583689653336,94.074,55.472,38.602,38.602,55.472,94.074,0.2581279338798747,1.6958826074415614,1.6958826074415614,0.5282033176636931,82.31759999999998,41.28940000000001,41.02819999999998,41.02819999999998,41.28940000000001,82.31759999999998,0.3319245673788673,1.9936739211516266,1.9936739211516266,0.689979128152939,1.875030295299425,1.7443286703201302,0.13070162497929494,0.13070162497929494,1.7443286703201302,1.875030295299425,0.03611181599305267,1.0749294712642845,1.0749294712642845,0.07225505130160537,0,all,layer_29
it,id,0.0344827586206896,0.0,0.0,0.0689655172413793,0.0,0.1034482758620689,0.2302521008403361,0.0472413793103448,0.3110993286629057,0.0772150256781671,27.34306190653131,11.16097904154046,16.182082864990853,16.182082864990853,11.16097904154046,27.34306190653131,0.42026972926852785,2.449880230467212,2.449880230467212,0.8960391378381489,1085.31105668917,420.2703230728771,665.040733616293,665.040733616293,420.2703230728771,1085.31105668917,0.44171689591525126,2.5824118361575787,2.5824118361575787,0.9487237824773436,176.39159999999998,68.38289999999999,108.00869999999999,108.00869999999999,68.38289999999999,176.39159999999998,0.4412579741762298,2.5794694287606617,2.5794694287606617,0.9475837300179446,94.074,48.4982,45.5758,45.5758,48.4982,94.074,0.3196682102120868,1.9397420935209566,1.9397420935209566,0.6625550227537023,82.31759999999998,19.884699999999995,62.43289999999999,62.43289999999999,19.884699999999995,82.31759999999998,0.6108756847937805,4.139745633577367,4.139745633577367,1.4206343447847627,1.875030295299425,1.4100090312629867,0.4650212640364384,0.4650212640364384,1.4100090312629867,1.875030295299425,0.14155728982487173,1.329800202498402,1.329800202498402,0.2850287072640757,0,all,layer_29
it,ja,0.0689655172413793,0.0,0.0,0.0689655172413793,0.0689655172413793,0.1724137931034483,0.4453781512605042,0.0913793103448275,0.3672704256002518,0.1048731567905369,27.34306190653131,85.29625118472661,57.9531892781953,-57.9531892781953,27.34306190653131,85.29625118472661,-0.5145023321585989,3.1194842580650843,0.3205658106510913,-1.1376676862553206,1085.31105668917,1582.7700649985616,497.4590083093915,-497.4590083093915,1085.31105668917,1582.7700649985616,-0.1864482321267341,1.4583561599629598,0.6857035527078633,-0.3773098835649984,176.39159999999998,265.3564,88.96480000000003,-88.96480000000003,176.39159999999998,265.3564,-0.20139264920271246,1.5043596180316894,0.664734673819811,-0.40836730467979,94.074,77.98259999999999,16.091400000000007,16.091400000000007,77.98259999999999,94.074,0.0935238752829006,1.2063460310376777,1.2063460310376777,0.18759598172520953,82.31759999999998,187.37380000000002,105.05620000000003,-105.05620000000003,82.31759999999998,187.37380000000002,-0.3895422694234953,2.2762301136087273,0.4393228935955803,-0.822520615550892,1.875030295299425,3.4027642063741994,1.5277339110747743,-1.5277339110747743,1.875030295299425,3.4027642063741994,-0.28946445538757337,1.814778254464947,0.551031508967471,-0.5959632864047613,0,all,layer_29
it,zh,0.0344827586206896,0.0,0.0,0.0689655172413793,0.0344827586206896,0.0689655172413793,0.5504201680672269,0.1129310344827586,0.3675983866835858,0.1151952145742647,27.34306190653131,100.15794847976602,72.8148865732347,-72.8148865732347,27.34306190653131,100.15794847976602,-0.5710926239142935,3.6630114367637114,0.27299942063065424,-1.2982856060314285,1085.31105668917,1177.613024380246,92.30196769107602,-92.30196769107602,1085.31105668917,1177.613024380246,-0.04078880438952055,1.0850465561206477,0.9216194405291556,-0.08162289493882025,176.39159999999998,190.7283,14.336700000000008,-14.336700000000008,176.39159999999998,190.7283,-0.03905181931025795,1.0812776798895125,0.9248318157294909,-0.07814337883410083,94.074,52.88629999999999,41.18770000000001,41.18770000000001,52.88629999999999,94.074,0.2802641257536881,1.7787971554069435,1.7787971554069435,0.5759373804890613,82.31759999999998,137.84199999999998,55.5244,-55.5244,82.31759999999998,137.84199999999998,-0.2522006762366927,1.674514320145368,0.5971880849088043,-0.5155231651088839,1.875030295299425,3.606383883916939,1.7313535886175138,-1.7313535886175138,1.875030295299425,3.606383883916939,-0.31585892472455285,1.9233736611914898,0.5199197743925172,-0.6540807593229061,0,all,layer_29
ja,de,0.0384615384615384,0.0,0.0,0.0769230769230769,0.0384615384615384,0.0384615384615384,0.2900474767012484,0.0755265567765567,0.2730284702012163,0.1015683693272598,85.29625118472661,46.66157491856247,38.63467626616414,38.63467626616414,46.66157491856247,85.29625118472661,0.292780484546046,1.8279762595581193,1.8279762595581193,0.6032094858350101,1582.7700649985616,1388.7379995252757,194.0320654732859,194.0320654732859,1388.7379995252757,1582.7700649985616,0.06529750593302801,1.1397182661809588,1.1397182661809588,0.13078109693455264,265.3564,221.1168,44.239599999999996,44.239599999999996,221.1168,265.3564,0.09093943921268408,1.2000734453465263,1.2000734453465263,0.1823827593764813,77.98259999999999,103.82460000000002,25.842000000000027,-25.842000000000027,77.98259999999999,103.82460000000002,-0.1421395852309473,1.3313816158989147,0.7510994504192574,-0.28621721199158756,187.37380000000002,117.2922,70.08160000000002,70.08160000000002,117.2922,187.37380000000002,0.23002763682196173,1.5974958266619472,1.5974958266619472,0.46843729484795915,3.4027642063741994,2.1297149230528976,1.2730492833213018,1.2730492833213018,2.1297149230528976,3.4027642063741994,0.23010466981244615,1.5977557228621082,1.5977557228621082,0.46859997136789344,0,all,layer_29
ja,en,0.0384615384615384,0.0,0.0,0.0384615384615384,0.0,0.0769230769230769,0.5141870614000031,0.1338911088911089,0.3007141381335484,0.1308951438423336,85.29625118472661,41.43748475512008,43.85876642960653,43.85876642960653,41.43748475512008,85.29625118472661,0.34607017700814446,2.0584321584380243,2.0584321584380243,0.7219446048900049,1582.7700649985616,1216.3906104199775,366.37945457858405,366.37945457858405,1216.3906104199775,1582.7700649985616,0.13088904034556778,1.3012021397074782,1.3012021397074782,0.26328856002661993,265.3564,208.8505,56.5059,56.5059,208.8505,265.3564,0.11915874695201582,1.2705566900725578,1.2705566900725578,0.23945514306799698,77.98259999999999,76.4522,1.530399999999986,1.530399999999986,76.4522,77.98259999999999,0.009909683568729174,1.0200177365726424,1.0200177365726424,0.01982001594171745,187.37380000000002,132.3983,54.97550000000001,54.97550000000001,132.3983,187.37380000000002,0.1719208773998727,1.4152281411468168,1.4152281411468168,0.3472907485914174,3.4027642063741994,2.731778810812472,0.6709853955617273,0.6709853955617273,2.731778810812472,3.4027642063741994,0.10937821997201265,1.2456221539257493,1.2456221539257493,0.2196351271262078,0,all,layer_29
ja,es,0.0,0.0,0.0,0.0,0.0,0.0769230769230769,0.2037369744879626,0.0530518394648829,0.2423382333173216,0.0861538605242085,85.29625118472661,27.79617793543325,57.500073249293365,57.500073249293365,27.79617793543325,85.29625118472661,0.5084343284217502,3.0686323631563726,3.0686323631563726,1.1212319780276152,1582.7700649985616,918.9209597391788,663.8491052593828,663.8491052593828,918.9209597391788,1582.7700649985616,0.26536014987261497,1.7224224218890427,1.7224224218890427,0.5437316848008908,265.3564,155.70940000000002,109.64699999999999,109.64699999999999,155.70940000000002,265.3564,0.2604034808811348,1.7041771402368662,1.7041771402368662,0.5330823785421925,77.98259999999999,90.4056,12.423000000000016,-12.423000000000016,77.98259999999999,90.4056,-0.07377595342191402,1.1593047679866901,0.8625859460033353,-0.1478204875009972,187.37380000000002,65.30380000000001,122.07000000000001,122.07000000000001,65.30380000000001,187.37380000000002,0.4831057442369229,2.8692633506778646,2.8692633506778646,1.0540553245879005,3.4027642063741994,1.7223424212659204,1.680421785108279,1.680421785108279,1.7223424212659204,3.4027642063741994,0.32788035590231407,1.9756606841694082,1.9756606841694082,0.680902866042905,0,all,layer_29
ja,fr,0.0769230769230769,0.0,0.0,0.0769230769230769,0.0,0.0769230769230769,0.2081941269562159,0.0542124542124542,0.2442881118470593,0.0870377682454632,85.29625118472661,33.1562661065526,52.139985078174014,52.139985078174014,33.1562661065526,85.29625118472661,0.4401762518052646,2.5725529802002383,2.5725529802002383,0.944898783344033,1582.7700649985616,1024.7063792763029,558.0636857222587,558.0636857222587,1024.7063792763029,1582.7700649985616,0.21402443997052298,1.544608384419729,1.544608384419729,0.43477040535254385,265.3564,167.8364,97.52000000000001,97.52000000000001,167.8364,265.3564,0.22511916172198562,1.5810420147238526,1.5810420147238526,0.45808413265213144,77.98259999999999,77.91829999999999,0.06430000000000291,0.06430000000000291,77.91829999999999,77.98259999999999,0.00041244149328196637,1.000825223342899,1.000825223342899,0.0008248830333368318,187.37380000000002,89.91810000000001,97.45570000000001,97.45570000000001,89.91810000000001,187.37380000000002,0.35145527150270034,2.0838273940396643,2.0838273940396643,0.7342062961038325,3.4027642063741994,2.154004900004208,1.2487593063699913,1.2487593063699913,2.154004900004208,3.4027642063741994,0.22472758584414862,1.5797383777381249,1.5797383777381249,0.45725924961862574,0,all,layer_29
ja,hi,0.0,0.0,0.0,0.0384615384615384,0.0,0.0384615384615384,0.2521946138967415,0.0656699070160608,0.2612888842387491,0.0952126792346912,85.29625118472661,4.710615348837735,80.58563583588888,80.58563583588888,4.710615348837735,85.29625118472661,0.8953276448729265,18.107241807751063,18.107241807751063,2.896311958128928,1582.7700649985616,569.7133468680054,1013.0567181305562,1013.0567181305562,569.7133468680054,1582.7700649985616,0.47064554019120847,2.77818673847089,2.77818673847089,1.021798462544841,265.3564,96.76140000000001,168.595,168.595,96.76140000000001,265.3564,0.46558053760406015,2.742378675794245,2.742378675794245,1.0088256736451235,77.98259999999999,55.472,22.51059999999999,22.51059999999999,55.472,77.98259999999999,0.16867608909696497,1.4058011248918116,1.4058011248918116,0.3406073359384836,187.37380000000002,41.28940000000001,146.08440000000002,146.08440000000002,41.28940000000001,187.37380000000002,0.6388627466072344,4.538060616041779,4.538060616041779,1.512499743703831,3.4027642063741994,1.7443286703201302,1.6584355360540692,1.6584355360540692,1.7443286703201302,3.4027642063741994,0.32220820097554975,1.950758629534967,1.950758629534967,0.6682183377063666,0,all,layer_29
ja,id,0.0384615384615384,0.0,0.0,0.0384615384615384,0.0384615384615384,0.1153846153846153,0.1923315410030262,0.0500819356082513,0.2371376728381632,0.0838387979839181,85.29625118472661,11.16097904154046,74.13527214318616,74.13527214318616,11.16097904154046,85.29625118472661,0.7685818053170368,7.642362813087607,7.642362813087607,2.0337068240934695,1582.7700649985616,420.2703230728771,1162.4997419256845,1162.4997419256845,420.2703230728771,1582.7700649985616,0.5803675995994062,3.766076208821666,3.766076208821666,1.326033666042342,265.3564,68.38289999999999,196.9735,196.9735,68.38289999999999,265.3564,0.5902016933576579,3.8804496445748304,3.8804496445748304,1.3559510346977346,77.98259999999999,48.4982,29.484399999999994,29.484399999999994,48.4982,77.98259999999999,0.2331136425449536,1.6079483362268783,1.6079483362268783,0.47495904102849273,187.37380000000002,19.884699999999995,167.4891,167.4891,19.884699999999995,187.37380000000002,0.8081169167971358,9.423013673829157,9.423013673829157,2.2431549603356546,3.4027642063741994,1.4100090312629867,1.9927551751112127,1.9927551751112127,1.4100090312629867,3.4027642063741994,0.414055488741276,2.4132924902784696,2.4132924902784696,0.880991993668837,0,all,layer_29
ja,it,0.0384615384615384,0.0,0.0,0.0384615384615384,0.0384615384615384,0.0384615384615384,0.264580036340191,0.0688949938949938,0.2654024818470083,0.0973541750066703,85.29625118472661,27.34306190653131,57.9531892781953,57.9531892781953,27.34306190653131,85.29625118472661,0.5145023321585989,3.1194842580650843,3.1194842580650843,1.1376676862553206,1582.7700649985616,1085.31105668917,497.4590083093915,497.4590083093915,1085.31105668917,1582.7700649985616,0.1864482321267341,1.4583561599629598,1.4583561599629598,0.3773098835649984,265.3564,176.39159999999998,88.96480000000003,88.96480000000003,176.39159999999998,265.3564,0.20139264920271246,1.5043596180316894,1.5043596180316894,0.40836730467979,77.98259999999999,94.074,16.091400000000007,-16.091400000000007,77.98259999999999,94.074,-0.0935238752829006,1.2063460310376777,0.8289495503539678,-0.18759598172520953,187.37380000000002,82.31759999999998,105.05620000000003,105.05620000000003,82.31759999999998,187.37380000000002,0.3895422694234953,2.2762301136087273,2.2762301136087273,0.822520615550892,3.4027642063741994,1.875030295299425,1.5277339110747743,1.5277339110747743,1.875030295299425,3.4027642063741994,0.28946445538757337,1.814778254464947,1.814778254464947,0.5959632864047613,0,all,layer_29
ja,zh,0.0384615384615384,0.0384615384615384,0.25,0.0384615384615384,0.0384615384615384,0.1153846153846153,0.6167457945020808,0.1605967643467643,0.2925198212066586,0.1411286320651106,85.29625118472661,100.15794847976602,14.861697295039406,-14.861697295039406,85.29625118472661,100.15794847976602,-0.08013675248080548,1.1742362306504206,0.8516173951182454,-0.16061791977610795,1582.7700649985616,1177.613024380246,405.1570406183155,405.1570406183155,1177.613024380246,1582.7700649985616,0.14677565667506362,1.344049388237312,1.344049388237312,0.29568698862617815,265.3564,190.7283,74.62810000000002,74.62810000000002,190.7283,265.3564,0.16362772090359498,1.3912796370543785,1.3912796370543785,0.33022392584568916,77.98259999999999,52.88629999999999,25.0963,25.0963,52.88629999999999,77.98259999999999,0.19176672226938415,1.4745331021455184,1.4745331021455184,0.38834139876385176,187.37380000000002,137.84199999999998,49.53180000000003,49.53180000000003,137.84199999999998,187.37380000000002,0.15230440833440403,1.3593375023577625,1.3593375023577625,0.3069974504420081,3.4027642063741994,3.606383883916939,0.20361967754273946,-0.20361967754273946,3.4027642063741994,3.606383883916939,-0.02905056005661491,1.0598394908352011,0.9435391006343647,-0.05811747291814484,0,all,layer_29
zh,de,0.0285714285714285,0.0,0.0,0.0285714285714285,0.0285714285714285,0.0285714285714285,0.2904574753398605,0.1468687356599444,0.1890855466990764,0.1172699326617087,100.15794847976602,46.66157491856247,53.49637356120355,53.49637356120355,46.66157491856247,100.15794847976602,0.36436825514046195,2.146475952742006,2.146475952742006,0.7638274056111181,1177.613024380246,1388.7379995252757,211.12497514502957,-211.12497514502957,1177.613024380246,1388.7379995252757,-0.08226660078001936,1.1792821332424879,0.8479735016848383,-0.1649058916916255,190.7283,221.1168,30.388500000000022,-30.388500000000022,190.7283,221.1168,-0.07378623662148692,1.1593287414610147,0.8625681088004128,-0.14784116646920786,52.88629999999999,103.82460000000002,50.93830000000003,-50.93830000000003,52.88629999999999,103.82460000000002,-0.32504631139250495,1.9631662642309646,0.5093812063807563,-0.6745586107554393,137.84199999999998,117.2922,20.54979999999999,20.54979999999999,117.2922,137.84199999999998,0.0805450621672826,1.1752017610719112,1.1752017610719112,0.16143984440595105,3.606383883916939,2.1297149230528976,1.4766689608640413,1.4766689608640413,2.1297149230528976,3.606383883916939,0.2574343662053918,1.6933646117977033,1.6933646117977033,0.5267174442860383,0,all,layer_29
zh,en,0.0285714285714285,0.0,0.0,0.0285714285714285,0.0285714285714285,0.0571428571428571,0.4778796251956484,0.2416380444951874,0.2080522504302485,0.1418191878392507,100.15794847976602,41.43748475512008,58.72046372464594,58.72046372464594,41.43748475512008,100.15794847976602,0.41470591517762345,2.417085618773903,2.417085618773903,0.8825625246661128,1177.613024380246,1216.3906104199775,38.77758603973143,-38.77758603973143,1177.613024380246,1216.3906104199775,-0.01619779747868568,1.0329289717733365,0.9681207782207857,-0.032398428599558216,190.7283,208.8505,18.12220000000002,-18.12220000000002,190.7283,208.8505,-0.04535325697959945,1.095015789476438,0.9132288407257779,-0.09076878277769218,52.88629999999999,76.4522,23.565900000000013,-23.565900000000013,52.88629999999999,76.4522,-0.1822032882706992,1.445595551210778,0.6917564177355171,-0.3685213828221343,137.84199999999998,132.3983,5.4436999999999784,5.4436999999999784,132.3983,137.84199999999998,0.02014392375970556,1.041116086837965,1.041116086837965,0.040293298149409296,3.606383883916939,2.731778810812472,0.8746050731044668,0.8746050731044668,2.731778810812472,3.606383883916939,0.1379903159998747,1.3201595493901008,1.3201595493901008,0.27775260004435265,0,all,layer_29
zh,es,0.0571428571428571,0.0285714285714285,0.125,0.0571428571428571,0.0571428571428571,0.0285714285714285,0.4350973894071723,0.220005367038334,0.2064942056767376,0.1372386741810712,100.15794847976602,27.79617793543325,72.36177054433277,72.36177054433277,27.79617793543325,100.15794847976602,0.565529010838814,3.6032992993646733,3.6032992993646733,1.2818498978037232,1177.613024380246,918.9209597391788,258.6920646410673,258.6920646410673,918.9209597391788,1177.613024380246,0.12339035121804699,1.2815172098310736,1.2815172098310736,0.2480446961747127,190.7283,155.70940000000002,35.018899999999974,35.018899999999974,155.70940000000002,190.7283,0.10108282095164547,1.224899074815,1.224899074815,0.20285845269650338,52.88629999999999,90.4056,37.519300000000015,-37.519300000000015,52.88629999999999,90.4056,-0.2618382476608919,1.7094332558715264,0.5849892042085822,-0.536161886264849,137.84199999999998,65.30380000000001,72.53819999999997,72.53819999999997,65.30380000000001,137.84199999999998,0.3570745740251564,2.1107806896382426,2.1107806896382426,0.7470578741458924,3.606383883916939,1.7223424212659204,1.8840414626510185,1.8840414626510185,1.7223424212659204,3.606383883916939,0.35356318841487444,2.093883213573846,2.093883213573846,0.7390203389610498,0,all,layer_29
zh,fr,0.0285714285714285,0.0,0.0,0.0285714285714285,0.0285714285714285,0.0285714285714285,0.3316859919308459,0.1677157808178216,0.1961018484319329,0.1237761195284656,100.15794847976602,33.1562661065526,67.00168237321341,67.00168237321341,33.1562661065526,100.15794847976602,0.5025846837197582,3.020784914618869,3.020784914618869,1.105516703120141,1177.613024380246,1024.7063792763029,152.90664510394322,152.90664510394322,1024.7063792763029,1177.613024380246,0.06942982241816041,1.1492199601723299,1.1492199601723299,0.1390834167263657,190.7283,167.8364,22.891899999999993,22.891899999999993,167.8364,190.7283,0.0638431502041331,1.136394131427979,1.136394131427979,0.12786020680644228,52.88629999999999,77.91829999999999,25.031999999999996,-25.031999999999996,52.88629999999999,77.91829999999999,-0.19136941667188928,1.473317286329324,0.6787404242648944,-0.38751651573051493,137.84199999999998,89.91810000000001,47.923899999999975,47.923899999999975,89.91810000000001,137.84199999999998,0.21041393993065408,1.5329727830103,1.5329727830103,0.4272088456618244,3.606383883916939,2.154004900004208,1.4523789839127308,1.4523789839127308,2.154004900004208,3.606383883916939,0.25213211093780225,1.674269117915293,1.674269117915293,0.5153767225367706,0,all,layer_29
zh,hi,0.0,0.0,0.0,0.0,0.0,0.0,0.183085133172581,0.0925763125763125,0.1610804299096076,0.0960216277837301,100.15794847976602,4.710615348837735,95.44733313092829,95.44733313092829,4.710615348837735,100.15794847976602,0.9101615359863767,21.262179367809566,21.262179367809566,3.056929877905036,1177.613024380246,569.7133468680054,607.8996775122407,607.8996775122407,569.7133468680054,1177.613024380246,0.34790276591428665,2.0670272705636306,2.0670272705636306,0.7261114739186629,190.7283,96.76140000000001,93.96689999999998,93.96689999999998,96.76140000000001,190.7283,0.32685310117197125,1.9711196820219428,1.9711196820219428,0.6786017477994344,52.88629999999999,55.472,2.58570000000001,-2.58570000000001,52.88629999999999,55.472,-0.023862500611397434,1.0488916789414076,0.953387294490897,-0.047734062825368184,137.84199999999998,41.28940000000001,96.55259999999998,96.55259999999998,41.28940000000001,137.84199999999998,0.539004328665993,3.3384355306688063,3.3384355306688063,1.205502293261823,3.606383883916939,1.7443286703201302,1.8620552135968087,1.8620552135968087,1.7443286703201302,3.606383883916939,0.3480013539733049,2.067491032669322,2.067491032669322,0.7263358106245115,0,all,layer_29
zh,id,0.0,0.0,0.0,0.0,0.0,0.0,0.2452403867713971,0.1240048840048839,0.1791959388078573,0.1091903621660793,100.15794847976602,11.16097904154046,88.99696943822556,88.99696943822556,11.16097904154046,100.15794847976602,0.799477424189078,8.973939302903041,8.973939302903041,2.1943247438695774,1177.613024380246,420.2703230728771,757.342701307369,757.342701307369,420.2703230728771,1177.613024380246,0.4739662019223757,2.802037069307982,2.802037069307982,1.0303466774161638,190.7283,68.38289999999999,122.3454,122.3454,68.38289999999999,190.7283,0.47217333716180354,2.78912271927627,2.78912271927627,1.0257271088520454,52.88629999999999,48.4982,4.388099999999994,4.388099999999994,48.4982,52.88629999999999,0.04328176397772788,1.0904796466672764,1.0904796466672764,0.08661764226464097,137.84199999999998,19.884699999999995,117.95729999999999,117.95729999999999,19.884699999999995,137.84199999999998,0.7478587962596013,6.932063345184645,6.932063345184645,1.9361575098936465,3.606383883916939,1.4100090312629867,2.1963748526539524,2.1963748526539524,1.4100090312629867,3.606383883916939,0.4378394774474591,2.5577026841338997,2.5577026841338997,0.9391094665869818,0,all,layer_29
zh,it,0.0285714285714285,0.0,0.0,0.0285714285714285,0.0571428571428571,0.0285714285714285,0.3513943677740261,0.1776812473241044,0.1988454216443972,0.1266353523676313,100.15794847976602,27.34306190653131,72.8148865732347,72.8148865732347,27.34306190653131,100.15794847976602,0.5710926239142935,3.6630114367637114,3.6630114367637114,1.2982856060314285,1177.613024380246,1085.31105668917,92.30196769107602,92.30196769107602,1085.31105668917,1177.613024380246,0.04078880438952055,1.0850465561206477,1.0850465561206477,0.08162289493882025,190.7283,176.39159999999998,14.336700000000008,14.336700000000008,176.39159999999998,190.7283,0.03905181931025795,1.0812776798895125,1.0812776798895125,0.07814337883410083,52.88629999999999,94.074,41.18770000000001,-41.18770000000001,52.88629999999999,94.074,-0.2802641257536881,1.7787971554069435,0.5621776473839682,-0.5759373804890613,137.84199999999998,82.31759999999998,55.5244,55.5244,82.31759999999998,137.84199999999998,0.2522006762366927,1.674514320145368,1.674514320145368,0.5155231651088839,3.606383883916939,1.875030295299425,1.7313535886175138,1.7313535886175138,1.875030295299425,3.606383883916939,0.31585892472455285,1.9233736611914898,1.9233736611914898,0.6540807593229061,0,all,layer_29
zh,ja,0.0,0.0,0.0,0.0,0.0,0.0,0.4589366783979837,0.2320596143219192,0.2075526444879147,0.1398548737983168,100.15794847976602,85.29625118472661,14.861697295039406,14.861697295039406,85.29625118472661,100.15794847976602,0.08013675248080548,1.1742362306504206,1.1742362306504206,0.16061791977610795,1177.613024380246,1582.7700649985616,405.1570406183155,-405.1570406183155,1177.613024380246,1582.7700649985616,-0.14677565667506362,1.344049388237312,0.7440202783853608,-0.29568698862617815,190.7283,265.3564,74.62810000000002,-74.62810000000002,190.7283,265.3564,-0.16362772090359498,1.3912796370543785,0.7187627658500012,-0.33022392584568916,52.88629999999999,77.98259999999999,25.0963,-25.0963,52.88629999999999,77.98259999999999,-0.19176672226938415,1.4745331021455184,0.6781807736597565,-0.38834139876385176,137.84199999999998,187.37380000000002,49.53180000000003,-49.53180000000003,137.84199999999998,187.37380000000002,-0.15230440833440403,1.3593375023577625,0.7356524764935078,-0.3069974504420081,3.606383883916939,3.4027642063741994,0.20361967754273946,0.20361967754273946,3.4027642063741994,3.606383883916939,0.02905056005661491,1.0598394908352011,1.0598394908352011,0.05811747291814484,0,all,layer_29
