checkpoint,language,task,lm_task_name,accuracy,num_fewshot,random_chance,rankme,pr,alpha_req,top_1_var,top_5_var,top_10_var,top_25_var,top_50_var,top_100_var,top_250_var,top_500_var,top_1000_var,rankme_layer,rankme_aggregation
step50000-tokens210B,Arabic,m_mmlu,m_mmlu_ar,0.2607518564356436,5,0.25,166.7835,15.1624,0.818019,0.2173,0.4171,0.4712,0.5424,0.6004,0.665,0.7611,0.8391,0.9167,layer_21,last
step100000-tokens420B,Arabic,m_mmlu,m_mmlu_ar,0.23978960396039603,5,0.25,111.198,11.2675,0.844893,0.2604,0.4894,0.5395,0.602,0.6551,0.714,0.7994,0.8668,0.9324,layer_21,last
step150000-tokens630B,Arabic,m_mmlu,m_mmlu_ar,0.3087871287128713,5,0.25,90.3715,9.6818,0.854833,0.2859,0.5249,0.5717,0.6313,0.681,0.7365,0.8159,0.8783,0.9386,layer_21,last
step200000-tokens840B,Arabic,m_mmlu,m_mmlu_ar,0.341197400990099,5,0.25,85.1858,8.5429,0.85746,0.3164,0.5279,0.5737,0.6336,0.683,0.7383,0.8173,0.8793,0.9394,layer_21,last
step250000-tokens1050B,Arabic,m_mmlu,m_mmlu_ar,0.320467202970297,5,0.25,107.8928,10.8676,0.868571,0.2678,0.4917,0.5417,0.6032,0.656,0.7159,0.8016,0.8694,0.9349,layer_21,last
step300000-tokens1260B,Arabic,m_mmlu,m_mmlu_ar,0.36177289603960394,5,0.25,109.5593,10.6005,0.873097,0.2768,0.4864,0.5359,0.598,0.6519,0.7127,0.7996,0.8683,0.9346,layer_21,last
step350000-tokens1470B,Arabic,m_mmlu,m_mmlu_ar,0.3688118811881188,5,0.25,110.4229,10.8217,0.869766,0.2698,0.4813,0.5349,0.5979,0.6518,0.7129,0.8,0.8686,0.9347,layer_21,last
step400000-tokens1680B,Arabic,m_mmlu,m_mmlu_ar,0.38374071782178215,5,0.25,145.2805,13.8194,0.873337,0.2359,0.4355,0.4896,0.5582,0.6177,0.6851,0.7806,0.8561,0.9287,layer_21,last
step450000-tokens1890B,Arabic,m_mmlu,m_mmlu_ar,0.3911664603960396,5,0.25,133.5221,12.6162,0.872671,0.2472,0.4487,0.502,0.5692,0.6269,0.6922,0.7853,0.8591,0.9302,layer_21,last
step500000-tokens2100B,Arabic,m_mmlu,m_mmlu_ar,0.39758663366336633,5,0.25,144.246,13.1363,0.873832,0.2444,0.4359,0.4872,0.5555,0.6142,0.6812,0.7774,0.8539,0.9277,layer_21,last
step550000-tokens2310B,Arabic,m_mmlu,m_mmlu_ar,0.39449257425742573,5,0.25,143.0019,13.2031,0.875985,0.2421,0.4373,0.4887,0.5577,0.6165,0.6835,0.7793,0.8552,0.9285,layer_21,last
step600000-tokens2520B,Arabic,m_mmlu,m_mmlu_ar,0.4040841584158416,5,0.25,141.3025,13.0781,0.876126,0.2398,0.4395,0.4913,0.5579,0.6163,0.6836,0.7794,0.8553,0.9285,layer_21,last
step650000-tokens2730B,Arabic,m_mmlu,m_mmlu_ar,0.38907797029702973,5,0.25,156.244,15.1434,0.881094,0.2101,0.4222,0.4754,0.5459,0.6065,0.6757,0.7743,0.8523,0.9273,layer_21,last
step700000-tokens2940B,Arabic,m_mmlu,m_mmlu_ar,0.3941831683168317,5,0.25,165.1552,16.104,0.877808,0.2053,0.4132,0.4677,0.5396,0.6005,0.6709,0.771,0.8499,0.9259,layer_21,last
step750000-tokens3150B,Arabic,m_mmlu,m_mmlu_ar,0.4134436881188119,5,0.25,176.6715,16.6224,0.877694,0.2034,0.401,0.4545,0.5256,0.5879,0.6603,0.7634,0.845,0.9236,layer_21,last
step800000-tokens3360B,Arabic,m_mmlu,m_mmlu_ar,0.41375309405940597,5,0.25,152.3061,14.5327,0.879819,0.2163,0.4273,0.4789,0.5476,0.6077,0.6769,0.7751,0.8529,0.9275,layer_21,last
step850000-tokens3570B,Arabic,m_mmlu,m_mmlu_ar,0.41367574257425743,5,0.25,195.5231,19.1158,0.881947,0.182,0.3852,0.4391,0.5113,0.5762,0.6508,0.7565,0.8407,0.9217,layer_21,last
step900000-tokens3780B,Arabic,m_mmlu,m_mmlu_ar,0.4103496287128713,5,0.25,167.0752,15.7474,0.885674,0.2124,0.4091,0.4621,0.5338,0.5963,0.6677,0.7688,0.8491,0.926,layer_21,last
step950000-tokens3990B,Arabic,m_mmlu,m_mmlu_ar,0.39603960396039606,5,0.25,162.9857,15.5752,0.876608,0.2084,0.4158,0.4695,0.5392,0.5999,0.6698,0.7698,0.8493,0.9257,layer_21,last
step1000000-tokens4200B,Arabic,m_mmlu,m_mmlu_ar,0.4109684405940594,5,0.25,153.1856,14.6072,0.883303,0.2157,0.4272,0.4792,0.5465,0.6063,0.6755,0.7741,0.8523,0.9274,layer_21,last
step1194000-tokens5014B,Arabic,m_mmlu,m_mmlu_ar,0.4181621287128713,5,0.25,154.1284,14.5488,0.884126,0.2206,0.4228,0.4751,0.5465,0.6064,0.6758,0.7742,0.8524,0.9275,layer_21,last
step1432000-tokens6014B,Arabic,m_mmlu,m_mmlu_ar,0.4224938118811881,5,0.25,162.9115,15.3596,0.883738,0.2129,0.4143,0.4675,0.5374,0.5989,0.6693,0.7699,0.8496,0.9261,layer_21,last
step1670000-tokens7014B,Arabic,m_mmlu,m_mmlu_ar,0.4234993811881188,5,0.25,169.3653,16.1418,0.884981,0.2059,0.4078,0.4614,0.532,0.5941,0.6656,0.7678,0.8484,0.9257,layer_21,last
step1678000-tokens7047B,Arabic,m_mmlu,m_mmlu_ar,0.43889232673267325,5,0.25,167.478,16.3335,0.882865,0.2006,0.4084,0.4623,0.5357,0.5989,0.6698,0.7707,0.8502,0.9264,layer_21,last
step1700000-tokens7232B,Arabic,m_mmlu,m_mmlu_ar,0.4479424504950495,5,0.25,167.8506,16.3401,0.892814,0.2,0.4068,0.4627,0.533,0.5961,0.6686,0.7709,0.8511,0.9274,layer_21,last
step1750000-tokens7652B,Arabic,m_mmlu,m_mmlu_ar,0.4488706683168317,5,0.25,156.7265,14.8809,0.890206,0.2153,0.4191,0.4722,0.5421,0.603,0.6737,0.7744,0.8533,0.9284,layer_21,last
step1800000-tokens8072B,Arabic,m_mmlu,m_mmlu_ar,0.4525061881188119,5,0.25,140.9002,13.168,0.894338,0.2337,0.4369,0.4876,0.5549,0.6143,0.6834,0.7812,0.8579,0.9309,layer_21,last
step1850000-tokens8492B,Arabic,m_mmlu,m_mmlu_ar,0.44299195544554454,5,0.25,154.153,14.9686,0.887113,0.2123,0.4209,0.4745,0.5458,0.6075,0.6783,0.7783,0.8559,0.9295,layer_21,last
step1900000-tokens8912B,Arabic,m_mmlu,m_mmlu_ar,0.43842821782178215,5,0.25,141.3766,13.552,0.891806,0.2275,0.4361,0.4888,0.5562,0.6169,0.6861,0.7833,0.8593,0.9315,layer_21,last
step1950000-tokens9332B,Arabic,m_mmlu,m_mmlu_ar,0.4458539603960396,5,0.25,140.2153,13.2903,0.886707,0.2354,0.4355,0.4887,0.5591,0.6185,0.6871,0.7841,0.8598,0.9315,layer_21,last
step2000000-tokens9752B,Arabic,m_mmlu,m_mmlu_ar,0.45583230198019803,5,0.25,133.8441,12.3951,0.889503,0.248,0.444,0.4952,0.5633,0.6218,0.6893,0.7855,0.8607,0.932,layer_21,last
step2050000-tokens10172B,Arabic,m_mmlu,m_mmlu_ar,0.45583230198019803,5,0.25,143.8,13.6338,0.894883,0.2307,0.4311,0.4835,0.5536,0.6149,0.6847,0.7828,0.8593,0.9316,layer_21,last
step2100000-tokens10592B,Arabic,m_mmlu,m_mmlu_ar,0.4586943069306931,5,0.25,164.612,16.2459,0.889053,0.2039,0.4064,0.4629,0.5387,0.6027,0.6745,0.7757,0.8542,0.9287,layer_21,last
step2150000-tokens11012B,Arabic,m_mmlu,m_mmlu_ar,0.46178836633663367,5,0.25,147.5938,13.9978,0.897843,0.2263,0.4278,0.4795,0.5486,0.6107,0.6812,0.7809,0.8584,0.9314,layer_21,last
step2200000-tokens11432B,Arabic,m_mmlu,m_mmlu_ar,0.4622524752475248,5,0.25,148.7435,14.0618,0.890709,0.2278,0.425,0.4782,0.5488,0.6105,0.6814,0.7811,0.8582,0.9309,layer_21,last
step2250000-tokens11852B,Arabic,m_mmlu,m_mmlu_ar,0.4681311881188119,5,0.25,156.3859,14.8372,0.896323,0.2201,0.4178,0.4714,0.5417,0.6043,0.6757,0.7765,0.855,0.9295,layer_21,last
step2300000-tokens12272B,Arabic,m_mmlu,m_mmlu_ar,0.49288366336633666,5,0.25,167.1945,16.4778,0.884363,0.1935,0.4111,0.4644,0.5341,0.5966,0.6688,0.7711,0.851,0.9271,layer_21,last
step2350000-tokens12692B,Arabic,m_mmlu,m_mmlu_ar,0.5030167079207921,5,0.25,167.4359,15.9838,0.886983,0.208,0.4075,0.4613,0.5327,0.5957,0.6683,0.7709,0.8511,0.9272,layer_21,last
step2400000-tokens13112B,Arabic,m_mmlu,m_mmlu_ar,0.5043316831683168,5,0.25,153.8544,14.5643,0.883036,0.218,0.4208,0.4732,0.545,0.6065,0.6767,0.7763,0.8543,0.9285,layer_21,last
step2450000-tokens13532B,Arabic,m_mmlu,m_mmlu_ar,0.5035581683168316,5,0.25,221.1751,25.1252,0.869905,0.1518,0.3576,0.4202,0.5038,0.572,0.6487,0.7576,0.8421,0.9221,layer_21,last
step2500000-tokens13952B,Arabic,m_mmlu,m_mmlu_ar,0.513072400990099,5,0.25,223.8004,24.6392,0.873615,0.1613,0.3545,0.4159,0.4986,0.5685,0.6464,0.7561,0.8413,0.9219,layer_21,last
step2550000-tokens14372B,Arabic,m_mmlu,m_mmlu_ar,0.518177599009901,5,0.25,239.1153,27.4158,0.877187,0.1526,0.34,0.4029,0.4889,0.5608,0.6412,0.7532,0.8398,0.9213,layer_21,last
step2600000-tokens14792B,Arabic,m_mmlu,m_mmlu_ar,0.5146194306930693,5,0.25,220.6181,25.4183,0.874041,0.1575,0.3526,0.4175,0.5044,0.5738,0.6524,0.7617,0.8456,0.9241,layer_21,last
step2627139-tokens15T,Arabic,m_mmlu,m_mmlu_ar,0.5143873762376238,5,0.25,220.0771,25.2649,0.875789,0.1622,0.3521,0.4176,0.5048,0.5746,0.6536,0.7627,0.8463,0.9245,layer_21,last
step50000-tokens210B,Chinese,m_mmlu,m_mmlu_zh,0.27086973034561335,5,0.25,387.2331,36.7263,0.723344,0.1369,0.2812,0.3393,0.42,0.4877,0.5601,0.671,0.7695,0.8725,layer_21,last
step100000-tokens420B,Chinese,m_mmlu,m_mmlu_zh,0.23987846562856058,5,0.25,250.3523,23.2845,0.743704,0.1711,0.3576,0.4194,0.4932,0.5543,0.6196,0.7193,0.8059,0.8945,layer_21,last
step150000-tokens630B,Chinese,m_mmlu,m_mmlu_zh,0.3428028864413217,5,0.25,212.7703,20.2921,0.750716,0.1799,0.3864,0.448,0.52,0.5787,0.6404,0.7354,0.8177,0.9015,layer_21,last
step200000-tokens840B,Chinese,m_mmlu,m_mmlu_zh,0.35495632358526397,5,0.25,230.7219,21.3149,0.754037,0.1788,0.3719,0.4326,0.5047,0.5646,0.628,0.7261,0.8116,0.8986,layer_21,last
step250000-tokens1050B,Chinese,m_mmlu,m_mmlu_zh,0.3490315229775921,5,0.25,273.5591,27.0443,0.756989,0.1469,0.3403,0.4054,0.4802,0.5417,0.6077,0.7113,0.8018,0.8937,layer_21,last
step300000-tokens1260B,Chinese,m_mmlu,m_mmlu_zh,0.3900493733383973,5,0.25,296.1998,29.1037,0.761486,0.1502,0.3252,0.3897,0.4663,0.5296,0.5969,0.7036,0.797,0.8916,layer_21,last
step350000-tokens1470B,Chinese,m_mmlu,m_mmlu_zh,0.3872388909988606,5,0.25,305.0254,31.4342,0.761244,0.1434,0.3187,0.3859,0.4629,0.5278,0.5962,0.7037,0.7973,0.8917,layer_21,last
step400000-tokens1680B,Chinese,m_mmlu,m_mmlu_zh,0.41496391948347894,5,0.25,348.4119,36.0756,0.764141,0.1331,0.2938,0.3587,0.4375,0.5044,0.5759,0.6889,0.7874,0.8868,layer_21,last
step450000-tokens1890B,Chinese,m_mmlu,m_mmlu_zh,0.416635017090771,5,0.25,354.3487,37.2279,0.76378,0.1287,0.2898,0.3568,0.4356,0.5023,0.5736,0.6865,0.7854,0.8858,layer_21,last
step500000-tokens2100B,Chinese,m_mmlu,m_mmlu_zh,0.42377516141283705,5,0.25,376.5125,40.3232,0.765502,0.1208,0.278,0.3434,0.4236,0.4919,0.5647,0.6804,0.7816,0.8839,layer_21,last
step550000-tokens2310B,Chinese,m_mmlu,m_mmlu_zh,0.42992783896695785,5,0.25,373.3926,39.8105,0.769008,0.1235,0.2803,0.3452,0.4255,0.493,0.5652,0.6808,0.7821,0.8846,layer_21,last
step600000-tokens2520B,Chinese,m_mmlu,m_mmlu_zh,0.44063805545005696,5,0.25,399.3028,43.2607,0.764077,0.1203,0.269,0.3332,0.4135,0.4822,0.5556,0.6729,0.7765,0.8812,layer_21,last
step650000-tokens2730B,Chinese,m_mmlu,m_mmlu_zh,0.44276490695024684,5,0.25,393.3533,40.9345,0.766719,0.1275,0.2708,0.3335,0.4151,0.4827,0.5559,0.6738,0.7774,0.882,layer_21,last
step700000-tokens2940B,Chinese,m_mmlu,m_mmlu_zh,0.4441321686289404,5,0.25,402.1813,41.5149,0.771074,0.1295,0.2654,0.3297,0.4098,0.4781,0.5516,0.6708,0.7757,0.8816,layer_21,last
step750000-tokens3150B,Chinese,m_mmlu,m_mmlu_zh,0.4412457273072541,5,0.25,406.7928,41.9167,0.76915,0.1297,0.2626,0.3262,0.4074,0.4761,0.5505,0.67,0.775,0.8812,layer_21,last
step800000-tokens3360B,Chinese,m_mmlu,m_mmlu_zh,0.46350170907709837,5,0.25,390.6626,39.6425,0.768217,0.1335,0.2737,0.335,0.4145,0.4823,0.5556,0.6739,0.7778,0.8826,layer_21,last
step850000-tokens3570B,Chinese,m_mmlu,m_mmlu_zh,0.45400683630839345,5,0.25,408.1576,42.3566,0.771268,0.1278,0.2643,0.3254,0.4062,0.4746,0.5495,0.6697,0.7752,0.8814,layer_21,last
step900000-tokens3780B,Chinese,m_mmlu,m_mmlu_zh,0.4515001898974554,5,0.25,413.2297,45.9587,0.772802,0.12,0.2614,0.3235,0.4078,0.4764,0.5512,0.6711,0.7763,0.8822,layer_21,last
step950000-tokens3990B,Chinese,m_mmlu,m_mmlu_zh,0.4385112039498671,5,0.25,407.6072,42.9023,0.772106,0.1257,0.2635,0.3254,0.4068,0.4757,0.5501,0.6701,0.7756,0.8818,layer_21,last
step1000000-tokens4200B,Chinese,m_mmlu,m_mmlu_zh,0.4530953285225978,5,0.25,404.6933,42.1894,0.772364,0.1272,0.2652,0.3279,0.408,0.476,0.5505,0.6702,0.7758,0.8819,layer_21,last
step1194000-tokens5014B,Chinese,m_mmlu,m_mmlu_zh,0.4515001898974554,5,0.25,407.594,41.5889,0.776253,0.1293,0.2653,0.3261,0.4053,0.4717,0.5464,0.6677,0.7745,0.8818,layer_21,last
step1432000-tokens6014B,Chinese,m_mmlu,m_mmlu_zh,0.4644891758450437,5,0.25,421.7116,44.0269,0.776945,0.1267,0.2559,0.3171,0.3993,0.4679,0.5434,0.6659,0.7736,0.8814,layer_21,last
step1670000-tokens7014B,Chinese,m_mmlu,m_mmlu_zh,0.4641093809342955,5,0.25,429.3254,45.1926,0.776811,0.1239,0.2557,0.3154,0.3955,0.4632,0.5392,0.6626,0.7717,0.8806,layer_21,last
step1678000-tokens7047B,Chinese,m_mmlu,m_mmlu_zh,0.47831371059627803,5,0.25,396.0758,39.7196,0.780036,0.1348,0.2691,0.328,0.4093,0.4772,0.5516,0.6722,0.7786,0.8844,layer_21,last
step1700000-tokens7232B,Chinese,m_mmlu,m_mmlu_zh,0.4891758450436764,5,0.25,407.0235,44.0809,0.78529,0.1242,0.2599,0.3237,0.4075,0.4755,0.5503,0.6721,0.779,0.8852,layer_21,last
step1750000-tokens7652B,Chinese,m_mmlu,m_mmlu_zh,0.4948727687048994,5,0.25,406.1813,44.2672,0.782695,0.1236,0.2615,0.3225,0.4066,0.4762,0.5522,0.6743,0.7806,0.8857,layer_21,last
step1800000-tokens8072B,Chinese,m_mmlu,m_mmlu_zh,0.4935814660083555,5,0.25,413.2469,42.2506,0.785713,0.1302,0.2591,0.3186,0.4005,0.4685,0.5447,0.668,0.7765,0.884,layer_21,last
step1850000-tokens8492B,Chinese,m_mmlu,m_mmlu_zh,0.4961640714014432,5,0.25,410.0551,42.8753,0.78573,0.1289,0.2591,0.3193,0.4027,0.4716,0.548,0.6711,0.7789,0.8853,layer_21,last
step1900000-tokens8912B,Chinese,m_mmlu,m_mmlu_zh,0.48963159893657426,5,0.25,396.126,39.7551,0.786052,0.1348,0.2688,0.3283,0.4086,0.475,0.5499,0.6719,0.7792,0.8855,layer_21,last
step1950000-tokens9332B,Chinese,m_mmlu,m_mmlu_zh,0.48363083934675277,5,0.25,407.5233,43.9749,0.781842,0.1237,0.2625,0.3239,0.4056,0.4737,0.5498,0.6724,0.7794,0.8852,layer_21,last
step2000000-tokens9752B,Chinese,m_mmlu,m_mmlu_zh,0.5001139384732245,5,0.25,411.6254,44.5048,0.785267,0.1224,0.2608,0.321,0.4031,0.471,0.5473,0.6706,0.7788,0.8854,layer_21,last
step2050000-tokens10172B,Chinese,m_mmlu,m_mmlu_zh,0.5043676414736042,5,0.25,406.4812,43.1275,0.786169,0.1259,0.263,0.3216,0.4042,0.4726,0.5489,0.6719,0.7797,0.886,layer_21,last
step2100000-tokens10592B,Chinese,m_mmlu,m_mmlu_zh,0.5133308013672617,5,0.25,439.2048,48.356,0.784557,0.1192,0.2473,0.3057,0.3899,0.4601,0.5383,0.6642,0.7742,0.8829,layer_21,last
step2150000-tokens11012B,Chinese,m_mmlu,m_mmlu_zh,0.50315229775921,5,0.25,426.0333,43.8977,0.789661,0.1283,0.2533,0.3116,0.3934,0.4608,0.5381,0.6645,0.7754,0.8842,layer_21,last
step2200000-tokens11432B,Chinese,m_mmlu,m_mmlu_zh,0.5045195594379035,5,0.25,405.2877,44.3073,0.787188,0.1223,0.2631,0.3225,0.4056,0.4747,0.5513,0.6742,0.7815,0.887,layer_21,last
step2250000-tokens11852B,Chinese,m_mmlu,m_mmlu_zh,0.5123433345993164,5,0.25,406.1192,41.728,0.787936,0.1316,0.2628,0.3222,0.4038,0.4716,0.5477,0.6709,0.779,0.8857,layer_21,last
step2300000-tokens12272B,Chinese,m_mmlu,m_mmlu_zh,0.536422331940752,5,0.25,404.0962,42.2638,0.787342,0.1306,0.2617,0.3218,0.4039,0.4732,0.5506,0.6742,0.7815,0.8869,layer_21,last
step2350000-tokens12692B,Chinese,m_mmlu,m_mmlu_zh,0.5478161792631979,5,0.25,422.6043,44.2141,0.787548,0.1283,0.2528,0.3128,0.396,0.4647,0.5423,0.6677,0.7774,0.8849,layer_21,last
step2400000-tokens13112B,Chinese,m_mmlu,m_mmlu_zh,0.5502468666919863,5,0.25,419.0615,45.3418,0.785638,0.1247,0.2529,0.3127,0.3984,0.4683,0.5469,0.6718,0.7801,0.8861,layer_21,last
step2450000-tokens13532B,Chinese,m_mmlu,m_mmlu_zh,0.5544246107102165,5,0.25,408.7204,43.9041,0.781364,0.1297,0.2481,0.3144,0.4029,0.4763,0.5548,0.6786,0.7846,0.8881,layer_21,last
step2500000-tokens13952B,Chinese,m_mmlu,m_mmlu_zh,0.5652867451576149,5,0.25,411.7017,43.3621,0.780748,0.1314,0.2472,0.3115,0.4009,0.4739,0.5526,0.677,0.7834,0.8873,layer_21,last
step2550000-tokens14372B,Chinese,m_mmlu,m_mmlu_zh,0.5668059248006077,5,0.25,419.8976,45.5362,0.783304,0.1273,0.2407,0.3064,0.3964,0.4705,0.5511,0.6769,0.7838,0.8879,layer_21,last
step2600000-tokens14792B,Chinese,m_mmlu,m_mmlu_zh,0.5698442840865933,5,0.25,418.6928,45.8547,0.783314,0.1258,0.242,0.3079,0.3979,0.4706,0.5511,0.6771,0.7842,0.8882,layer_21,last
step2627139-tokens15T,Chinese,m_mmlu,m_mmlu_zh,0.5681731864793012,5,0.25,416.3215,45.9509,0.785506,0.1257,0.2408,0.3069,0.399,0.4725,0.5533,0.6792,0.7858,0.8891,layer_21,last
step50000-tokens210B,English,m_mmlu,m_mmlu_en,0.27198672499622867,5,0.25,782.5112,81.9966,0.621005,0.0839,0.1905,0.2326,0.2963,0.3575,0.4321,0.5554,0.6721,0.8044,layer_21,last
step100000-tokens420B,English,m_mmlu,m_mmlu_en,0.2399306079348318,5,0.25,495.399,39.5851,0.634268,0.1215,0.2757,0.3184,0.3782,0.4347,0.5018,0.6121,0.716,0.8322,layer_21,last
step150000-tokens630B,English,m_mmlu,m_mmlu_en,0.39674158998340625,5,0.25,404.7943,30.437,0.637615,0.1502,0.3113,0.3556,0.4141,0.4679,0.5313,0.6352,0.7333,0.8427,layer_21,last
step200000-tokens840B,English,m_mmlu,m_mmlu_en,0.406094433549555,5,0.25,465.0408,36.1402,0.637747,0.1353,0.286,0.3309,0.3907,0.4455,0.5109,0.6188,0.7213,0.8359,layer_21,last
step250000-tokens1050B,English,m_mmlu,m_mmlu_en,0.41356162317091566,5,0.25,505.914,42.0758,0.640072,0.1188,0.2692,0.316,0.3772,0.4335,0.5004,0.6108,0.7159,0.8332,layer_21,last
step300000-tokens1260B,English,m_mmlu,m_mmlu_en,0.44048876150248906,5,0.25,546.8809,48.2736,0.640406,0.1062,0.2563,0.3027,0.3646,0.4218,0.4895,0.6021,0.7095,0.8295,layer_21,last
step350000-tokens1470B,English,m_mmlu,m_mmlu_en,0.4543671745361291,5,0.25,599.6746,55.6978,0.641925,0.093,0.2378,0.2842,0.3475,0.4054,0.4749,0.5911,0.7018,0.8253,layer_21,last
step400000-tokens1680B,English,m_mmlu,m_mmlu_en,0.4582893347412883,5,0.25,649.3178,62.064,0.642491,0.089,0.2219,0.2678,0.3312,0.3907,0.4613,0.5802,0.694,0.8211,layer_21,last
step450000-tokens1890B,English,m_mmlu,m_mmlu_en,0.4765424649268366,5,0.25,664.7139,65.1003,0.64251,0.0906,0.2174,0.263,0.3274,0.387,0.4583,0.5779,0.6923,0.8201,layer_21,last
step500000-tokens2100B,English,m_mmlu,m_mmlu_en,0.48695127470206667,5,0.25,709.5966,71.183,0.642973,0.0873,0.2047,0.2489,0.3132,0.3738,0.4458,0.5679,0.6852,0.8161,layer_21,last
step550000-tokens2310B,English,m_mmlu,m_mmlu_en,0.4739779755619249,5,0.25,707.7569,73.2585,0.643608,0.0854,0.2049,0.2503,0.3152,0.3761,0.448,0.57,0.6868,0.8172,layer_21,last
step600000-tokens2520B,English,m_mmlu,m_mmlu_en,0.4912505656961834,5,0.25,742.7192,78.5838,0.642683,0.0831,0.1967,0.241,0.3052,0.3662,0.439,0.5623,0.6809,0.8137,layer_21,last
step650000-tokens2730B,English,m_mmlu,m_mmlu_en,0.4900437471715191,5,0.25,729.3112,75.1775,0.642682,0.089,0.1985,0.2435,0.3093,0.3702,0.4424,0.5651,0.6831,0.815,layer_21,last
step700000-tokens2940B,English,m_mmlu,m_mmlu_en,0.4986423291597526,5,0.25,727.1781,74.0493,0.643315,0.0917,0.1997,0.2444,0.31,0.3702,0.4421,0.5649,0.6831,0.8151,layer_21,last
step750000-tokens3150B,English,m_mmlu,m_mmlu_en,0.5079197465681098,5,0.25,751.7854,79.2319,0.64328,0.0869,0.1932,0.2369,0.303,0.3642,0.4369,0.5609,0.68,0.8133,layer_21,last
step800000-tokens3360B,English,m_mmlu,m_mmlu_en,0.5101825313018555,5,0.25,746.0937,77.2159,0.64358,0.0904,0.1944,0.2385,0.3046,0.3653,0.4376,0.5615,0.6807,0.8138,layer_21,last
step850000-tokens3570B,English,m_mmlu,m_mmlu_en,0.506788354201237,5,0.25,768.6352,81.0276,0.644235,0.0878,0.1873,0.2311,0.2976,0.3593,0.4325,0.5575,0.6778,0.8123,layer_21,last
step900000-tokens3780B,English,m_mmlu,m_mmlu_en,0.5089757127771911,5,0.25,779.9618,84.2886,0.644771,0.0861,0.1856,0.2297,0.2953,0.3565,0.4298,0.5554,0.6763,0.8116,layer_21,last
step950000-tokens3990B,English,m_mmlu,m_mmlu_en,0.5,5,0.25,775.2593,82.205,0.643538,0.089,0.1857,0.2299,0.2973,0.3582,0.4311,0.5563,0.6767,0.8116,layer_21,last
step1000000-tokens4200B,English,m_mmlu,m_mmlu_en,0.5074671896213607,5,0.25,761.3855,79.4649,0.643718,0.0909,0.1897,0.2343,0.3009,0.3617,0.4342,0.5584,0.6783,0.8125,layer_21,last
step1194000-tokens5014B,English,m_mmlu,m_mmlu_en,0.522099864232916,5,0.25,759.1291,79.6931,0.644644,0.0918,0.1894,0.2352,0.3021,0.3628,0.4352,0.5595,0.6792,0.8132,layer_21,last
step1432000-tokens6014B,English,m_mmlu,m_mmlu_en,0.5103333836174385,5,0.25,796.2549,90.0691,0.645556,0.0846,0.179,0.225,0.2931,0.3554,0.4287,0.5543,0.6755,0.8111,layer_21,last
step1670000-tokens7014B,English,m_mmlu,m_mmlu_en,0.5153869361894705,5,0.25,802.4479,91.2421,0.645244,0.0846,0.1762,0.2234,0.292,0.3538,0.4269,0.5532,0.6749,0.811,layer_21,last
step1678000-tokens7047B,English,m_mmlu,m_mmlu_en,0.5363554080555136,5,0.25,765.5022,81.4251,0.645406,0.092,0.1847,0.2323,0.3015,0.3628,0.4352,0.5594,0.6793,0.8135,layer_21,last
step1700000-tokens7232B,English,m_mmlu,m_mmlu_en,0.5371850957912204,5,0.25,787.2093,89.1417,0.647235,0.0854,0.1783,0.2261,0.2956,0.3582,0.4315,0.5572,0.6781,0.813,layer_21,last
step1750000-tokens7652B,English,m_mmlu,m_mmlu_en,0.5512143611404435,5,0.25,798.2501,88.2484,0.645239,0.087,0.1772,0.2239,0.2922,0.3542,0.4273,0.5533,0.6747,0.8108,layer_21,last
step1800000-tokens8072B,English,m_mmlu,m_mmlu_en,0.5574747322371398,5,0.25,790.9592,86.0351,0.645291,0.0888,0.1791,0.2262,0.2941,0.3557,0.4286,0.5541,0.6752,0.8111,layer_21,last
step1850000-tokens8492B,English,m_mmlu,m_mmlu_en,0.5478956101976166,5,0.25,786.3671,85.8857,0.644673,0.0887,0.1806,0.2275,0.2957,0.3573,0.4301,0.5556,0.6763,0.8116,layer_21,last
step1900000-tokens8912B,English,m_mmlu,m_mmlu_en,0.5521949011917333,5,0.25,784.2827,84.2824,0.646124,0.0903,0.1798,0.2271,0.2956,0.3572,0.43,0.5555,0.6765,0.8119,layer_21,last
step1950000-tokens9332B,English,m_mmlu,m_mmlu_en,0.5510635088248604,5,0.25,788.5937,89.0678,0.643022,0.085,0.1807,0.2266,0.2964,0.3586,0.4312,0.5564,0.6769,0.8116,layer_21,last
step2000000-tokens9752B,English,m_mmlu,m_mmlu_en,0.5527983104540655,5,0.25,802.8601,91.9991,0.643981,0.084,0.1763,0.2234,0.2917,0.3543,0.4277,0.554,0.6752,0.8109,layer_21,last
step2050000-tokens10172B,English,m_mmlu,m_mmlu_en,0.5558153567657264,5,0.25,779.869,85.8051,0.645707,0.0886,0.1797,0.2287,0.2979,0.3598,0.4325,0.5576,0.6782,0.8129,layer_21,last
step2100000-tokens10592B,English,m_mmlu,m_mmlu_en,0.5619248755468397,5,0.25,811.2367,95.5642,0.643877,0.0821,0.173,0.2207,0.2905,0.3536,0.4274,0.5536,0.6748,0.8105,layer_21,last
step2150000-tokens11012B,English,m_mmlu,m_mmlu_en,0.5521949011917333,5,0.25,814.4528,96.1283,0.647191,0.0817,0.17,0.2185,0.2891,0.3521,0.4259,0.5528,0.6749,0.8113,layer_21,last
step2200000-tokens11432B,English,m_mmlu,m_mmlu_en,0.5621511540202142,5,0.25,782.2841,88.3426,0.647184,0.0865,0.1799,0.2273,0.297,0.3596,0.4328,0.5586,0.6791,0.8136,layer_21,last
step2250000-tokens11852B,English,m_mmlu,m_mmlu_en,0.5643385125961683,5,0.25,785.7832,87.214,0.64653,0.0882,0.1782,0.2267,0.2957,0.3581,0.4314,0.5572,0.678,0.8127,layer_21,last
step2300000-tokens12272B,English,m_mmlu,m_mmlu_en,0.5969980389198974,5,0.25,765.0164,79.1585,0.651382,0.0955,0.1783,0.229,0.2979,0.36,0.4342,0.5609,0.6816,0.8156,layer_21,last
step2350000-tokens12692B,English,m_mmlu,m_mmlu_en,0.607331422537336,5,0.25,755.276,76.3978,0.653675,0.0986,0.18,0.2302,0.2997,0.3619,0.4361,0.5628,0.6832,0.817,layer_21,last
step2400000-tokens13112B,English,m_mmlu,m_mmlu_en,0.6040880977523005,5,0.25,769.0815,80.2031,0.651568,0.0955,0.1774,0.2277,0.2973,0.3594,0.4336,0.5607,0.6814,0.8155,layer_21,last
step2450000-tokens13532B,English,m_mmlu,m_mmlu_en,0.6092925026399155,5,0.25,757.0423,77.1332,0.651904,0.0976,0.1796,0.2307,0.2986,0.3613,0.4356,0.5629,0.6835,0.817,layer_21,last
step2500000-tokens13952B,English,m_mmlu,m_mmlu_en,0.622944637200181,5,0.25,759.0243,79.0593,0.651061,0.0954,0.1785,0.2292,0.2989,0.362,0.4366,0.5639,0.684,0.817,layer_21,last
step2550000-tokens14372B,English,m_mmlu,m_mmlu_en,0.6254337004073013,5,0.25,759.6513,81.0028,0.654008,0.0932,0.1768,0.2281,0.2985,0.362,0.437,0.5649,0.6853,0.8182,layer_21,last
step2600000-tokens14792B,English,m_mmlu,m_mmlu_en,0.622793784884598,5,0.25,745.0913,78.1127,0.653719,0.0952,0.1804,0.2325,0.3029,0.3661,0.4405,0.5675,0.6871,0.8191,layer_21,last
step2627139-tokens15T,English,m_mmlu,m_mmlu_en,0.6252074219339266,5,0.25,757.9346,82.25,0.654612,0.0914,0.1765,0.2286,0.2995,0.3633,0.4383,0.5659,0.6861,0.8186,layer_21,last
step50000-tokens210B,German,m_mmlu,m_mmlu_de,0.26881882636898474,5,0.25,905.0415,133.7054,0.624859,0.0599,0.147,0.1898,0.2649,0.3334,0.4152,0.551,0.6733,0.806,layer_21,last
step100000-tokens420B,German,m_mmlu,m_mmlu_de,0.24279680193090963,5,0.25,592.206,52.7149,0.63738,0.1125,0.2331,0.2735,0.3423,0.4043,0.4785,0.6021,0.7124,0.831,layer_21,last
step150000-tokens630B,German,m_mmlu,m_mmlu_de,0.37667823201086137,5,0.25,506.0725,40.4194,0.642087,0.1338,0.2625,0.3023,0.3691,0.4286,0.5,0.619,0.7252,0.8391,layer_21,last
step200000-tokens840B,German,m_mmlu,m_mmlu_de,0.3869361894705084,5,0.25,557.0822,46.7064,0.643797,0.1243,0.2432,0.2837,0.352,0.4129,0.4862,0.6086,0.718,0.8352,layer_21,last
step250000-tokens1050B,German,m_mmlu,m_mmlu_de,0.3717755317544124,5,0.25,611.3148,56.5814,0.645714,0.1091,0.2253,0.2665,0.3361,0.3982,0.4735,0.5992,0.7116,0.8318,layer_21,last
step300000-tokens1260B,German,m_mmlu,m_mmlu_de,0.41771006184944937,5,0.25,661.5514,67.4892,0.646655,0.0959,0.2094,0.2518,0.3228,0.3858,0.4625,0.5911,0.7057,0.8287,layer_21,last
step350000-tokens1470B,German,m_mmlu,m_mmlu_de,0.42344244984160506,5,0.25,720.9645,80.3409,0.647487,0.0866,0.1913,0.2345,0.3063,0.3708,0.4493,0.5805,0.6983,0.8247,layer_21,last
step400000-tokens1680B,German,m_mmlu,m_mmlu_de,0.4406396138180721,5,0.25,779.9444,97.1565,0.648486,0.0753,0.1741,0.2179,0.291,0.3566,0.437,0.5714,0.692,0.8213,layer_21,last
step450000-tokens1890B,German,m_mmlu,m_mmlu_de,0.45391461758938,5,0.25,815.5872,109.7969,0.648798,0.0669,0.1653,0.2089,0.2824,0.3489,0.4299,0.5659,0.6882,0.8192,layer_21,last
step500000-tokens2100B,German,m_mmlu,m_mmlu_de,0.4622114949464474,5,0.25,846.9965,119.5193,0.648871,0.064,0.1573,0.2008,0.2748,0.3413,0.423,0.5604,0.6843,0.817,layer_21,last
step550000-tokens2310B,German,m_mmlu,m_mmlu_de,0.4461457233368532,5,0.25,854.9056,122.9343,0.649424,0.0619,0.155,0.1989,0.2725,0.3394,0.4214,0.5593,0.6838,0.8168,layer_21,last
step600000-tokens2520B,German,m_mmlu,m_mmlu_de,0.4684718660431438,5,0.25,879.8226,130.3357,0.648081,0.0599,0.1497,0.1934,0.2666,0.3336,0.4159,0.5546,0.6801,0.8145,layer_21,last
step650000-tokens2730B,German,m_mmlu,m_mmlu_de,0.46839643988535223,5,0.25,883.7919,132.2666,0.649497,0.0589,0.148,0.1918,0.2652,0.3323,0.4148,0.5541,0.68,0.8147,layer_21,last
step700000-tokens2940B,German,m_mmlu,m_mmlu_de,0.4682455875697692,5,0.25,886.647,134.0148,0.650389,0.0578,0.1473,0.1912,0.2643,0.3313,0.4141,0.5539,0.6801,0.8149,layer_21,last
step750000-tokens3150B,German,m_mmlu,m_mmlu_de,0.4822748529189923,5,0.25,905.082,142.9507,0.650038,0.0551,0.1422,0.1861,0.2603,0.3282,0.4114,0.5515,0.6782,0.8138,layer_21,last
step800000-tokens3360B,German,m_mmlu,m_mmlu_de,0.486423291597526,5,0.25,899.2364,141.7175,0.6502,0.0553,0.1433,0.1878,0.2624,0.33,0.4128,0.5526,0.679,0.8142,layer_21,last
step850000-tokens3570B,German,m_mmlu,m_mmlu_de,0.4755619248755468,5,0.25,909.5378,143.8659,0.65142,0.0559,0.142,0.1852,0.2589,0.3262,0.4096,0.5502,0.6775,0.8137,layer_21,last
step900000-tokens3780B,German,m_mmlu,m_mmlu_de,0.47661789108462815,5,0.25,916.3425,146.7425,0.651551,0.0559,0.1408,0.1844,0.2575,0.3246,0.4078,0.549,0.6767,0.8133,layer_21,last
step950000-tokens3990B,German,m_mmlu,m_mmlu_de,0.4668879167295218,5,0.25,918.8516,150.0522,0.650314,0.0549,0.1393,0.1833,0.2576,0.3257,0.4088,0.5495,0.6768,0.813,layer_21,last
step1000000-tokens4200B,German,m_mmlu,m_mmlu_de,0.486423291597526,5,0.25,921.0327,149.547,0.650209,0.0552,0.1403,0.184,0.2572,0.3245,0.4075,0.5482,0.6758,0.8125,layer_21,last
step1194000-tokens5014B,German,m_mmlu,m_mmlu_de,0.4868758485442752,5,0.25,934.1541,155.0279,0.650624,0.054,0.1382,0.1816,0.2543,0.3212,0.4042,0.5455,0.674,0.8117,layer_21,last
step1432000-tokens6014B,German,m_mmlu,m_mmlu_de,0.4883089455423141,5,0.25,937.1119,159.539,0.651442,0.0536,0.1357,0.1793,0.2536,0.322,0.4054,0.5464,0.6746,0.8121,layer_21,last
step1670000-tokens7014B,German,m_mmlu,m_mmlu_de,0.47495851561321467,5,0.25,937.8299,158.5283,0.652424,0.0546,0.136,0.1795,0.2528,0.3208,0.4042,0.5457,0.6745,0.8124,layer_21,last
step1678000-tokens7047B,German,m_mmlu,m_mmlu_de,0.503318750942827,5,0.25,907.1154,146.1448,0.6532,0.058,0.1425,0.1863,0.26,0.328,0.4108,0.5512,0.6786,0.8147,layer_21,last
step1700000-tokens7232B,German,m_mmlu,m_mmlu_de,0.5139538391914316,5,0.25,907.284,147.619,0.656148,0.0579,0.1407,0.184,0.2583,0.3271,0.4113,0.5524,0.6799,0.8159,layer_21,last
step1750000-tokens7652B,German,m_mmlu,m_mmlu_de,0.5178005732387992,5,0.25,908.4626,145.3763,0.655245,0.0593,0.1417,0.1847,0.2587,0.3266,0.4101,0.5508,0.6786,0.8152,layer_21,last
step1800000-tokens8072B,German,m_mmlu,m_mmlu_de,0.5243626489666616,5,0.25,899.8738,143.3923,0.656528,0.0597,0.1423,0.1853,0.2605,0.3289,0.4127,0.5531,0.6804,0.8162,layer_21,last
step1850000-tokens8492B,German,m_mmlu,m_mmlu_de,0.5126715945089757,5,0.25,909.3123,151.0139,0.657266,0.0566,0.1398,0.1829,0.2575,0.327,0.4115,0.5528,0.6805,0.8165,layer_21,last
step1900000-tokens8912B,German,m_mmlu,m_mmlu_de,0.5179514255543822,5,0.25,911.6907,150.8194,0.656601,0.0568,0.1403,0.1837,0.2582,0.3262,0.4103,0.5513,0.6792,0.8157,layer_21,last
step1950000-tokens9332B,German,m_mmlu,m_mmlu_de,0.5194599487102127,5,0.25,917.9965,154.0509,0.655281,0.0557,0.1389,0.1825,0.2569,0.3251,0.4093,0.5507,0.6786,0.8151,layer_21,last
step2000000-tokens9752B,German,m_mmlu,m_mmlu_de,0.5192336702368381,5,0.25,916.0153,155.2001,0.657237,0.055,0.1384,0.1821,0.2568,0.3251,0.4097,0.5517,0.6798,0.8162,layer_21,last
step2050000-tokens10172B,German,m_mmlu,m_mmlu_de,0.5217981596017499,5,0.25,908.8313,152.7163,0.658563,0.0556,0.1399,0.1837,0.259,0.3269,0.4112,0.5525,0.6806,0.8169,layer_21,last
step2100000-tokens10592B,German,m_mmlu,m_mmlu_de,0.5190828179212551,5,0.25,919.9783,157.7649,0.65704,0.0545,0.1373,0.1811,0.2557,0.3245,0.4094,0.5515,0.6796,0.816,layer_21,last
step2150000-tokens11012B,German,m_mmlu,m_mmlu_de,0.5211193241816262,5,0.25,919.4364,155.8343,0.659033,0.0555,0.1375,0.1806,0.2553,0.3237,0.4084,0.5506,0.6796,0.8165,layer_21,last
step2200000-tokens11432B,German,m_mmlu,m_mmlu_de,0.5279831045406547,5,0.25,905.7468,152.5997,0.659246,0.0556,0.1397,0.1834,0.2582,0.3275,0.4124,0.5542,0.6821,0.8177,layer_21,last
step2250000-tokens11852B,German,m_mmlu,m_mmlu_de,0.5264745813848243,5,0.25,900.748,147.5605,0.658209,0.0578,0.1413,0.185,0.2602,0.3285,0.4127,0.554,0.6817,0.8174,layer_21,last
step2300000-tokens12272B,German,m_mmlu,m_mmlu_de,0.5582289938150551,5,0.25,910.0329,153.9637,0.657381,0.0559,0.1384,0.1831,0.2583,0.3272,0.4116,0.5533,0.6811,0.8169,layer_21,last
step2350000-tokens12692B,German,m_mmlu,m_mmlu_de,0.5755770101071052,5,0.25,917.2833,157.3758,0.656928,0.0547,0.1365,0.1814,0.2565,0.3256,0.4103,0.5522,0.6803,0.8164,layer_21,last
step2400000-tokens13112B,German,m_mmlu,m_mmlu_de,0.568185246643536,5,0.25,918.5445,157.2644,0.654916,0.0549,0.1366,0.1819,0.257,0.3259,0.4103,0.5517,0.6796,0.8156,layer_21,last
step2450000-tokens13532B,German,m_mmlu,m_mmlu_de,0.5696183436415749,5,0.25,921.2342,163.0636,0.656501,0.0507,0.1351,0.18,0.2548,0.3247,0.4105,0.553,0.6811,0.8167,layer_21,last
step2500000-tokens13952B,German,m_mmlu,m_mmlu_de,0.5853069844622115,5,0.25,907.003,159.3797,0.656682,0.0502,0.1377,0.1832,0.2586,0.3292,0.4143,0.556,0.6831,0.8178,layer_21,last
step2550000-tokens14372B,German,m_mmlu,m_mmlu_de,0.5865138029868758,5,0.25,902.6147,160.7384,0.658392,0.0487,0.1382,0.1838,0.2594,0.3302,0.4159,0.5577,0.6846,0.8189,layer_21,last
step2600000-tokens14792B,German,m_mmlu,m_mmlu_de,0.5871926384069995,5,0.25,883.9708,154.4266,0.659442,0.0497,0.1415,0.1877,0.2638,0.3351,0.4206,0.5614,0.6874,0.8206,layer_21,last
step2627139-tokens15T,German,m_mmlu,m_mmlu_de,0.5893045708251622,5,0.25,879.0803,153.9452,0.660603,0.0494,0.1421,0.1885,0.2646,0.3359,0.4218,0.5629,0.6888,0.8216,layer_21,last
step50000-tokens210B,Hindi,m_mmlu,m_mmlu_hi,0.2652568947495377,5,0.25,208.0555,22.3027,0.771536,0.1764,0.377,0.4523,0.5307,0.5902,0.6555,0.7511,0.8304,0.9095,layer_21,last
step100000-tokens420B,Hindi,m_mmlu,m_mmlu_hi,0.24636166278041327,5,0.25,93.914,11.4091,0.79708,0.2501,0.5163,0.5832,0.6453,0.6921,0.7442,0.8179,0.8773,0.9357,layer_21,last
step150000-tokens630B,Hindi,m_mmlu,m_mmlu_hi,0.2978210179303691,5,0.25,84.0801,11.6497,0.80694,0.2233,0.5394,0.6058,0.6644,0.7098,0.7598,0.8298,0.8858,0.9406,layer_21,last
step200000-tokens840B,Hindi,m_mmlu,m_mmlu_hi,0.33287770362627644,5,0.25,96.3554,12.6085,0.808806,0.2206,0.5156,0.5838,0.6442,0.6916,0.7445,0.8189,0.8787,0.937,layer_21,last
step250000-tokens1050B,Hindi,m_mmlu,m_mmlu_hi,0.2888156307791268,5,0.25,112.9351,14.9109,0.815643,0.1797,0.4877,0.5579,0.6225,0.6738,0.7301,0.8093,0.8726,0.9341,layer_21,last
step300000-tokens1260B,Hindi,m_mmlu,m_mmlu_hi,0.3445364637774383,5,0.25,140.822,17.8664,0.818019,0.171,0.4455,0.521,0.5901,0.6453,0.7067,0.7931,0.8619,0.9288,layer_21,last
step350000-tokens1470B,Hindi,m_mmlu,m_mmlu_hi,0.3241135322022996,5,0.25,170.6671,21.495,0.818836,0.1549,0.4113,0.49,0.5619,0.6198,0.6852,0.7777,0.8516,0.9235,layer_21,last
step400000-tokens1680B,Hindi,m_mmlu,m_mmlu_hi,0.36479858486773337,5,0.25,190.1638,22.2479,0.822501,0.1654,0.3901,0.4646,0.54,0.601,0.6697,0.7669,0.8447,0.9201,layer_21,last
step450000-tokens1890B,Hindi,m_mmlu,m_mmlu_hi,0.37139181474632144,5,0.25,204.3369,26.061,0.820615,0.1381,0.3767,0.4559,0.5332,0.5955,0.6656,0.7644,0.843,0.9192,layer_21,last
step500000-tokens2100B,Hindi,m_mmlu,m_mmlu_hi,0.3651202058374206,5,0.25,240.4012,28.1668,0.823564,0.1478,0.3473,0.4221,0.4997,0.5656,0.6405,0.7463,0.8309,0.9132,layer_21,last
step550000-tokens2310B,Hindi,m_mmlu,m_mmlu_hi,0.37669856074616065,5,0.25,244.4225,27.7141,0.826439,0.1566,0.3366,0.4152,0.4959,0.563,0.639,0.7459,0.831,0.9135,layer_21,last
step600000-tokens2520B,Hindi,m_mmlu,m_mmlu_hi,0.375733697837099,5,0.25,228.7767,22.6574,0.82392,0.1851,0.3483,0.4216,0.5001,0.5662,0.6414,0.7473,0.8316,0.9136,layer_21,last
step650000-tokens2730B,Hindi,m_mmlu,m_mmlu_hi,0.3809600385945164,5,0.25,222.4938,24.2944,0.825782,0.17,0.3572,0.4315,0.5089,0.5746,0.649,0.7534,0.8359,0.916,layer_21,last
step700000-tokens2940B,Hindi,m_mmlu,m_mmlu_hi,0.3781458551097532,5,0.25,228.977,24.1148,0.824632,0.1741,0.3508,0.4246,0.5026,0.5684,0.6435,0.7494,0.8333,0.9146,layer_21,last
step750000-tokens3150B,Hindi,m_mmlu,m_mmlu_hi,0.3842566535338104,5,0.25,235.0594,23.7328,0.827046,0.1805,0.3433,0.4156,0.4962,0.5628,0.6391,0.7465,0.8315,0.9138,layer_21,last
step800000-tokens3360B,Hindi,m_mmlu,m_mmlu_hi,0.3868296212913082,5,0.25,226.5604,22.434,0.823709,0.1849,0.349,0.42,0.4994,0.5664,0.6426,0.7495,0.8337,0.9147,layer_21,last
step850000-tokens3570B,Hindi,m_mmlu,m_mmlu_hi,0.3849803007156067,5,0.25,218.9745,22.1153,0.828684,0.1859,0.3585,0.4276,0.5054,0.5721,0.6479,0.7536,0.8365,0.9164,layer_21,last
step900000-tokens3780B,Hindi,m_mmlu,m_mmlu_hi,0.38859853662458793,5,0.25,256.1503,26.4298,0.830566,0.1688,0.3273,0.3997,0.4801,0.5493,0.628,0.7391,0.827,0.9117,layer_21,last
step950000-tokens3990B,Hindi,m_mmlu,m_mmlu_hi,0.3775026131703787,5,0.25,222.422,23.9432,0.823693,0.1731,0.3534,0.4291,0.5085,0.5748,0.6499,0.7544,0.8366,0.9161,layer_21,last
step1000000-tokens4200B,Hindi,m_mmlu,m_mmlu_hi,0.39567419795770686,5,0.25,233.4894,26.0465,0.82777,0.1557,0.3477,0.4209,0.5,0.5666,0.6426,0.7496,0.834,0.9151,layer_21,last
step1194000-tokens5014B,Hindi,m_mmlu,m_mmlu_hi,0.3968802765940339,5,0.25,250.6294,25.2602,0.830775,0.1754,0.3279,0.401,0.4832,0.5521,0.6313,0.7416,0.8287,0.9126,layer_21,last
step1432000-tokens6014B,Hindi,m_mmlu,m_mmlu_hi,0.4070917423816033,5,0.25,251.9163,25.1394,0.831661,0.1755,0.3297,0.4003,0.48,0.5496,0.629,0.74,0.8278,0.9122,layer_21,last
step1670000-tokens7014B,Hindi,m_mmlu,m_mmlu_hi,0.389402589048806,5,0.25,256.3597,27.7854,0.830352,0.1633,0.3214,0.4009,0.4839,0.5524,0.6312,0.7419,0.8294,0.913,layer_21,last
step1678000-tokens7047B,Hindi,m_mmlu,m_mmlu_hi,0.411353220229959,5,0.25,236.8901,23.1762,0.829855,0.187,0.3362,0.4114,0.4922,0.56,0.6375,0.7466,0.8326,0.9146,layer_21,last
step1700000-tokens7232B,Hindi,m_mmlu,m_mmlu_hi,0.425424137653775,5,0.25,238.3938,23.6192,0.839019,0.1844,0.334,0.4076,0.4892,0.5586,0.6379,0.7479,0.834,0.9159,layer_21,last
step1750000-tokens7652B,Hindi,m_mmlu,m_mmlu_hi,0.42293157513869906,5,0.25,233.5942,22.0004,0.839425,0.1951,0.3349,0.4106,0.4897,0.559,0.6384,0.7481,0.8342,0.916,layer_21,last
step1800000-tokens8072B,Hindi,m_mmlu,m_mmlu_hi,0.4282383211385382,5,0.25,225.8625,20.4215,0.843691,0.2053,0.338,0.4117,0.4929,0.5623,0.6417,0.7511,0.8366,0.9174,layer_21,last
step1850000-tokens8492B,Hindi,m_mmlu,m_mmlu_hi,0.4277558896840074,5,0.25,214.8017,19.892,0.8415,0.2068,0.3502,0.4209,0.5031,0.5718,0.6496,0.7568,0.8403,0.9192,layer_21,last
step1900000-tokens8912B,Hindi,m_mmlu,m_mmlu_hi,0.4223687384417464,5,0.25,241.6425,23.1528,0.840806,0.1885,0.328,0.4051,0.484,0.5534,0.6335,0.7454,0.8328,0.9154,layer_21,last
step1950000-tokens9332B,Hindi,m_mmlu,m_mmlu_hi,0.42968561550213075,5,0.25,215.8601,21.8002,0.836032,0.1917,0.3492,0.427,0.5084,0.5759,0.6529,0.7591,0.8415,0.9194,layer_21,last
step2000000-tokens9752B,Hindi,m_mmlu,m_mmlu_hi,0.43081128889603604,5,0.25,243.9355,25.8467,0.840307,0.173,0.3284,0.4044,0.4872,0.5583,0.6392,0.7499,0.836,0.9171,layer_21,last
step2050000-tokens10172B,Hindi,m_mmlu,m_mmlu_hi,0.438691002653373,5,0.25,238.4218,24.5995,0.843371,0.1799,0.3312,0.4086,0.4902,0.5603,0.6408,0.7515,0.8372,0.9179,layer_21,last
step2100000-tokens10592B,Hindi,m_mmlu,m_mmlu_hi,0.43660046635040606,5,0.25,251.2137,25.8125,0.842235,0.1764,0.3175,0.396,0.4813,0.5533,0.635,0.7471,0.8341,0.9161,layer_21,last
step2150000-tokens11012B,Hindi,m_mmlu,m_mmlu_hi,0.4316957465626759,5,0.25,228.4821,22.7325,0.846234,0.1895,0.339,0.4129,0.4941,0.5646,0.645,0.7552,0.84,0.9195,layer_21,last
step2200000-tokens11432B,Hindi,m_mmlu,m_mmlu_hi,0.43812816595642035,5,0.25,231.3659,22.6448,0.845194,0.1906,0.3353,0.4107,0.4903,0.5613,0.6423,0.7531,0.8385,0.9186,layer_21,last
step2250000-tokens11852B,Hindi,m_mmlu,m_mmlu_hi,0.439093028865482,5,0.25,234.7193,22.6517,0.848035,0.191,0.3364,0.4055,0.4876,0.5589,0.6399,0.7509,0.8368,0.9178,layer_21,last
step2300000-tokens12272B,Hindi,m_mmlu,m_mmlu_hi,0.46530513789499073,5,0.25,225.8712,24.6824,0.84238,0.1658,0.3508,0.4219,0.4993,0.568,0.6466,0.7555,0.8397,0.919,layer_21,last
step2350000-tokens12692B,Hindi,m_mmlu,m_mmlu_hi,0.4750341722280293,5,0.25,230.4437,26.3377,0.843146,0.1518,0.3468,0.418,0.4966,0.5677,0.6472,0.756,0.84,0.9191,layer_21,last
step2400000-tokens13112B,Hindi,m_mmlu,m_mmlu_hi,0.46554635362225616,5,0.25,212.3911,23.8154,0.844255,0.1647,0.3625,0.4324,0.5099,0.5794,0.6571,0.7629,0.8447,0.9216,layer_21,last
step2450000-tokens13532B,Hindi,m_mmlu,m_mmlu_hi,0.47632065610677815,5,0.25,281.8808,31.8715,0.843403,0.1509,0.3054,0.3763,0.4596,0.535,0.6212,0.7392,0.8293,0.9138,layer_21,last
step2500000-tokens13952B,Hindi,m_mmlu,m_mmlu_hi,0.48420036986411513,5,0.25,262.8007,30.426,0.845099,0.1516,0.3174,0.3888,0.4738,0.548,0.6326,0.7478,0.8352,0.9169,layer_21,last
step2550000-tokens14372B,Hindi,m_mmlu,m_mmlu_hi,0.490874004985125,5,0.25,263.8887,31.3083,0.848326,0.1483,0.3152,0.3876,0.4739,0.5492,0.6337,0.7489,0.8364,0.9178,layer_21,last
step2600000-tokens14792B,Hindi,m_mmlu,m_mmlu_hi,0.48822063198520543,5,0.25,255.0573,30.6623,0.849926,0.1501,0.3187,0.3944,0.4803,0.5554,0.6402,0.754,0.84,0.9197,layer_21,last
step2627139-tokens15T,Hindi,m_mmlu,m_mmlu_hi,0.49006995256090696,5,0.25,265.225,32.8395,0.85257,0.1424,0.3125,0.3867,0.4738,0.5495,0.6356,0.7514,0.8385,0.9191,layer_21,last
step50000-tokens210B,Indonesian,m_mmlu,m_mmlu_id,0.27524616441493016,5,0.25,302.0652,29.7678,0.757722,0.1533,0.3287,0.3879,0.4703,0.5304,0.5959,0.6993,0.7907,0.8869,layer_21,last
step100000-tokens420B,Indonesian,m_mmlu,m_mmlu_id,0.3076101060987711,5,0.25,206.6453,20.2435,0.778028,0.1875,0.391,0.4571,0.529,0.5835,0.6439,0.7375,0.8192,0.904,layer_21,last
step150000-tokens630B,Indonesian,m_mmlu,m_mmlu_id,0.35852225020990763,5,0.25,182.6159,18.9234,0.784531,0.1892,0.4135,0.4789,0.5499,0.603,0.6617,0.7515,0.8294,0.9099,layer_21,last
step200000-tokens840B,Indonesian,m_mmlu,m_mmlu_id,0.38623005877413935,5,0.25,206.669,21.6343,0.788437,0.1701,0.3954,0.458,0.53,0.5845,0.6456,0.7398,0.8218,0.9063,layer_21,last
step250000-tokens1050B,Indonesian,m_mmlu,m_mmlu_id,0.361575452255553,5,0.25,229.1836,23.4042,0.79452,0.1698,0.3747,0.4385,0.5118,0.5687,0.6322,0.73,0.8155,0.9035,layer_21,last
step300000-tokens1260B,Indonesian,m_mmlu,m_mmlu_id,0.4105793450881612,5,0.25,247.5647,26.7339,0.797856,0.1523,0.3616,0.4267,0.5009,0.5593,0.6244,0.7247,0.8123,0.9021,layer_21,last
step350000-tokens1470B,Indonesian,m_mmlu,m_mmlu_id,0.41515914815662924,5,0.25,260.0279,27.8379,0.797691,0.1496,0.353,0.4163,0.4919,0.551,0.6173,0.7197,0.8089,0.9003,layer_21,last
step400000-tokens1680B,Indonesian,m_mmlu,m_mmlu_id,0.4248530646515533,5,0.25,304.5816,32.0448,0.80232,0.145,0.3235,0.383,0.4637,0.5255,0.5951,0.7034,0.798,0.8952,layer_21,last
step450000-tokens1890B,Indonesian,m_mmlu,m_mmlu_id,0.43630257232272346,5,0.25,294.3103,32.3124,0.800188,0.1387,0.3321,0.3935,0.4705,0.5316,0.601,0.7082,0.8013,0.8968,layer_21,last
step500000-tokens2100B,Indonesian,m_mmlu,m_mmlu_id,0.4441645675902603,5,0.25,309.8503,33.6781,0.799194,0.1311,0.3249,0.3832,0.4593,0.5209,0.5915,0.7007,0.7962,0.8941,layer_21,last
step550000-tokens2310B,Indonesian,m_mmlu,m_mmlu_id,0.4481337302495993,5,0.25,328.2256,35.7381,0.803553,0.1358,0.3079,0.3692,0.4501,0.5142,0.5864,0.6976,0.7944,0.8935,layer_21,last
step600000-tokens2520B,Indonesian,m_mmlu,m_mmlu_id,0.45454545454545453,5,0.25,322.5254,33.0985,0.802956,0.1456,0.3136,0.3727,0.45,0.5133,0.5853,0.6965,0.7936,0.893,layer_21,last
step650000-tokens2730B,Indonesian,m_mmlu,m_mmlu_id,0.4386688039080986,5,0.25,309.5403,33.5671,0.8004,0.1345,0.3225,0.3816,0.4585,0.5223,0.5936,0.7027,0.7977,0.895,layer_21,last
step700000-tokens2940B,Indonesian,m_mmlu,m_mmlu_id,0.4453095183573773,5,0.25,321.278,35.7221,0.803309,0.1308,0.3161,0.3763,0.4539,0.5168,0.5885,0.6992,0.7956,0.8942,layer_21,last
step750000-tokens3150B,Indonesian,m_mmlu,m_mmlu_id,0.4614914891992978,5,0.25,330.2827,36.8993,0.80354,0.1254,0.3097,0.3701,0.4483,0.5123,0.5844,0.6961,0.7935,0.8931,layer_21,last
step800000-tokens3360B,Indonesian,m_mmlu,m_mmlu_id,0.46042286848332187,5,0.25,317.297,34.5273,0.802385,0.1353,0.3167,0.3764,0.4545,0.5188,0.5905,0.7011,0.7969,0.8948,layer_21,last
step850000-tokens3570B,Indonesian,m_mmlu,m_mmlu_id,0.45851461720479353,5,0.25,330.2547,36.3568,0.804745,0.124,0.3117,0.3691,0.4458,0.5095,0.5825,0.6952,0.7932,0.8932,layer_21,last
step900000-tokens3780B,Indonesian,m_mmlu,m_mmlu_id,0.45034730173269216,5,0.25,347.1932,38.7199,0.808301,0.1282,0.2983,0.3571,0.4383,0.5038,0.5778,0.6921,0.7913,0.8924,layer_21,last
step950000-tokens3990B,Indonesian,m_mmlu,m_mmlu_id,0.4634760705289673,5,0.25,332.9797,36.3352,0.802945,0.1322,0.3074,0.3682,0.446,0.5097,0.5825,0.6951,0.7929,0.8928,layer_21,last
step1000000-tokens4200B,Indonesian,m_mmlu,m_mmlu_id,0.4651553316540722,5,0.25,335.6366,37.5966,0.805542,0.1289,0.305,0.3668,0.4449,0.5097,0.583,0.6959,0.7938,0.8934,layer_21,last
step1194000-tokens5014B,Indonesian,m_mmlu,m_mmlu_id,0.4729409968704679,5,0.25,345.4427,38.0304,0.80869,0.1301,0.3014,0.3618,0.4378,0.5029,0.5769,0.6911,0.7906,0.8921,layer_21,last
step1432000-tokens6014B,Indonesian,m_mmlu,m_mmlu_id,0.47820777039920614,5,0.25,339.6807,36.8123,0.80994,0.1338,0.3,0.3599,0.4405,0.5063,0.5807,0.6946,0.7934,0.8936,layer_21,last
step1670000-tokens7014B,Indonesian,m_mmlu,m_mmlu_id,0.48423784443935575,5,0.25,360.6025,40.843,0.808701,0.1243,0.2893,0.353,0.4297,0.4959,0.5722,0.6888,0.7894,0.8915,layer_21,last
step1678000-tokens7047B,Indonesian,m_mmlu,m_mmlu_id,0.49011525837722314,5,0.25,337.4923,37.106,0.806741,0.1333,0.3024,0.3656,0.4418,0.5073,0.5818,0.6956,0.7941,0.8939,layer_21,last
step1700000-tokens7232B,Indonesian,m_mmlu,m_mmlu_id,0.49698496297992517,5,0.25,329.3582,36.5529,0.814112,0.1337,0.3025,0.3685,0.4469,0.512,0.5866,0.7001,0.7978,0.8963,layer_21,last
step1750000-tokens7652B,Indonesian,m_mmlu,m_mmlu_id,0.4991985344630181,5,0.25,336.2853,37.5778,0.813865,0.1319,0.2988,0.3643,0.4429,0.5089,0.5839,0.698,0.7962,0.8954,layer_21,last
step1800000-tokens8072B,Indonesian,m_mmlu,m_mmlu_id,0.5104953820319059,5,0.25,336.3802,36.7222,0.817333,0.1338,0.3003,0.3617,0.4392,0.5064,0.5824,0.6973,0.796,0.8956,layer_21,last
step1850000-tokens8492B,Indonesian,m_mmlu,m_mmlu_id,0.5001144950767117,5,0.25,327.2643,35.3944,0.81569,0.1379,0.3048,0.3691,0.4455,0.5112,0.586,0.6997,0.7977,0.8965,layer_21,last
step1900000-tokens8912B,Indonesian,m_mmlu,m_mmlu_id,0.4981299137470422,5,0.25,341.3778,37.1614,0.815113,0.1354,0.2963,0.3612,0.4378,0.5045,0.5802,0.6951,0.7945,0.8947,layer_21,last
step1950000-tokens9332B,Indonesian,m_mmlu,m_mmlu_id,0.5090451110602244,5,0.25,322.8171,35.6044,0.81131,0.135,0.3103,0.3724,0.4492,0.5143,0.5889,0.7018,0.7987,0.8965,layer_21,last
step2000000-tokens9752B,Indonesian,m_mmlu,m_mmlu_id,0.5026333867643691,5,0.25,342.0972,38.468,0.815136,0.1299,0.2969,0.3609,0.4385,0.5047,0.5808,0.6965,0.7957,0.8954,layer_21,last
step2050000-tokens10172B,Indonesian,m_mmlu,m_mmlu_id,0.5121746431570109,5,0.25,320.4932,36.5406,0.815885,0.1311,0.308,0.3741,0.4518,0.5176,0.592,0.7048,0.8014,0.8984,layer_21,last
step2100000-tokens10592B,Indonesian,m_mmlu,m_mmlu_id,0.5172124265323258,5,0.25,354.3959,40.2151,0.815823,0.1277,0.2877,0.3511,0.4318,0.5004,0.5775,0.694,0.794,0.8945,layer_21,last
step2150000-tokens11012B,Indonesian,m_mmlu,m_mmlu_id,0.5090451110602244,5,0.25,338.691,37.3805,0.817551,0.1328,0.2978,0.3597,0.4383,0.5055,0.5817,0.6979,0.7972,0.8965,layer_21,last
step2200000-tokens11432B,Indonesian,m_mmlu,m_mmlu_id,0.5127089535149989,5,0.25,325.1153,39.2347,0.816829,0.1224,0.3028,0.3708,0.4505,0.5187,0.5942,0.7069,0.8029,0.8992,layer_21,last
step2250000-tokens11852B,Indonesian,m_mmlu,m_mmlu_id,0.5132432638729868,5,0.25,329.7649,37.9595,0.816601,0.129,0.3029,0.3682,0.4464,0.5128,0.5887,0.7024,0.7996,0.8974,layer_21,last
step2300000-tokens12272B,Indonesian,m_mmlu,m_mmlu_id,0.5491183879093199,5,0.25,342.402,36.8422,0.815361,0.1378,0.2942,0.3561,0.436,0.5038,0.5806,0.6965,0.7958,0.8954,layer_21,last
step2350000-tokens12692B,Indonesian,m_mmlu,m_mmlu_id,0.5505686588810015,5,0.25,334.6107,35.5372,0.818317,0.1416,0.2964,0.3601,0.4403,0.5072,0.5834,0.6989,0.7977,0.8966,layer_21,last
step2400000-tokens13112B,Indonesian,m_mmlu,m_mmlu_id,0.5540798412334936,5,0.25,308.4132,32.476,0.815429,0.1465,0.3138,0.3761,0.4543,0.5205,0.5956,0.7077,0.8033,0.8992,layer_21,last
step2450000-tokens13532B,Indonesian,m_mmlu,m_mmlu_id,0.5623234867567362,5,0.25,295.2913,30.9572,0.810293,0.1478,0.3098,0.3804,0.4624,0.5285,0.6036,0.7152,0.8085,0.9015,layer_21,last
step2500000-tokens13952B,Indonesian,m_mmlu,m_mmlu_id,0.5745362949393176,5,0.25,278.1352,27.3206,0.813346,0.1635,0.3219,0.3887,0.4686,0.5351,0.6094,0.7195,0.8116,0.9034,layer_21,last
step2550000-tokens14372B,Indonesian,m_mmlu,m_mmlu_id,0.5771315166781161,5,0.25,283.1172,28.1931,0.813817,0.1606,0.3184,0.3854,0.4658,0.5323,0.6075,0.7188,0.8115,0.9035,layer_21,last
step2600000-tokens14792B,Indonesian,m_mmlu,m_mmlu_id,0.5749942752461644,5,0.25,277.6615,28.6085,0.814569,0.1574,0.3199,0.3896,0.4712,0.538,0.613,0.7232,0.8146,0.9051,layer_21,last
step2627139-tokens15T,Indonesian,m_mmlu,m_mmlu_id,0.5778184871383863,5,0.25,271.6894,26.6966,0.816983,0.1664,0.325,0.3915,0.472,0.5385,0.6132,0.723,0.8147,0.9054,layer_21,last
step50000-tokens210B,Italian,m_mmlu,m_mmlu_it,0.2688675681801012,5,0.25,671.0364,81.7999,0.652238,0.0819,0.196,0.2523,0.3289,0.3948,0.4721,0.5968,0.7088,0.8302,layer_21,last
step100000-tokens420B,Italian,m_mmlu,m_mmlu_it,0.2548160459318577,5,0.25,431.1118,37.6722,0.666657,0.1332,0.2811,0.3341,0.405,0.4649,0.5338,0.646,0.7464,0.8538,layer_21,last
step150000-tokens630B,Italian,m_mmlu,m_mmlu_it,0.3678325904661177,5,0.25,373.367,31.1081,0.671136,0.1506,0.3063,0.3604,0.4293,0.4868,0.5529,0.6612,0.7578,0.8609,layer_21,last
step200000-tokens840B,Italian,m_mmlu,m_mmlu_it,0.3895897862053335,5,0.25,411.3267,36.4856,0.672843,0.1361,0.2889,0.3445,0.415,0.4736,0.5415,0.6526,0.7519,0.8577,layer_21,last
step250000-tokens1050B,Italian,m_mmlu,m_mmlu_it,0.37206315630429854,5,0.25,456.8557,43.8054,0.675679,0.1197,0.2686,0.3247,0.3979,0.4581,0.5279,0.6428,0.7453,0.8544,layer_21,last
step300000-tokens1260B,Italian,m_mmlu,m_mmlu_it,0.4175417390647428,5,0.25,486.6298,49.3999,0.676929,0.1082,0.256,0.3139,0.3876,0.4486,0.5195,0.6362,0.7406,0.852,layer_21,last
step350000-tokens1470B,Italian,m_mmlu,m_mmlu_it,0.4140666314119513,5,0.25,547.7855,59.7284,0.67633,0.0953,0.2327,0.2908,0.3662,0.4285,0.5012,0.6221,0.7307,0.8465,layer_21,last
step400000-tokens1680B,Italian,m_mmlu,m_mmlu_it,0.4328019944096094,5,0.25,567.4561,63.5254,0.678136,0.091,0.2245,0.2819,0.3588,0.422,0.4961,0.6186,0.7284,0.8454,layer_21,last
step450000-tokens1890B,Italian,m_mmlu,m_mmlu_it,0.4412631260859711,5,0.25,595.794,71.9093,0.678417,0.0818,0.2166,0.2736,0.351,0.4148,0.4897,0.6136,0.7249,0.8434,layer_21,last
step500000-tokens2100B,Italian,m_mmlu,m_mmlu_it,0.457581022890383,5,0.25,624.2736,77.3822,0.678173,0.0772,0.2098,0.2653,0.341,0.405,0.4805,0.6067,0.7201,0.8409,layer_21,last
step550000-tokens2310B,Italian,m_mmlu,m_mmlu_it,0.452217269774118,5,0.25,613.4902,76.9052,0.680014,0.076,0.2109,0.268,0.3458,0.4096,0.4844,0.6099,0.7226,0.8425,layer_21,last
step600000-tokens2520B,Italian,m_mmlu,m_mmlu_it,0.4601495807207071,5,0.25,652.8762,82.8387,0.678726,0.0792,0.1983,0.2549,0.3326,0.3973,0.4734,0.6007,0.7157,0.8385,layer_21,last
step650000-tokens2730B,Italian,m_mmlu,m_mmlu_it,0.45425700687466947,5,0.25,657.7554,84.8799,0.67945,0.077,0.1959,0.2531,0.3309,0.3959,0.4725,0.6004,0.7156,0.8385,layer_21,last
step700000-tokens2940B,Italian,m_mmlu,m_mmlu_it,0.46694870438921204,5,0.25,661.0522,86.1481,0.681109,0.0751,0.1954,0.2509,0.3295,0.3944,0.4714,0.6001,0.7158,0.8388,layer_21,last
step750000-tokens3150B,Italian,m_mmlu,m_mmlu_it,0.4732190073279444,5,0.25,681.2567,90.6557,0.680491,0.0728,0.1911,0.246,0.3228,0.3882,0.4658,0.5954,0.7122,0.8369,layer_21,last
step800000-tokens3360B,Italian,m_mmlu,m_mmlu_it,0.485910704842487,5,0.25,666.1096,87.6198,0.680584,0.0753,0.1939,0.2504,0.3283,0.3936,0.4704,0.5989,0.7147,0.8383,layer_21,last
step850000-tokens3570B,Italian,m_mmlu,m_mmlu_it,0.47525874442849586,5,0.25,658.2384,84.0892,0.681739,0.0763,0.1999,0.2543,0.3292,0.3935,0.4701,0.5987,0.7147,0.8386,layer_21,last
step900000-tokens3780B,Italian,m_mmlu,m_mmlu_it,0.4748810153358012,5,0.25,666.5771,87.9482,0.682686,0.074,0.1947,0.2496,0.3271,0.3926,0.4701,0.5988,0.7149,0.8387,layer_21,last
step950000-tokens3990B,Italian,m_mmlu,m_mmlu_it,0.4735967364206391,5,0.25,674.5745,88.7253,0.681652,0.077,0.1914,0.2472,0.3251,0.3902,0.4674,0.597,0.7137,0.8379,layer_21,last
step1000000-tokens4200B,Italian,m_mmlu,m_mmlu_it,0.48281332628239026,5,0.25,668.6652,88.6791,0.681961,0.0751,0.1939,0.2494,0.3278,0.3928,0.4695,0.5981,0.7144,0.8384,layer_21,last
step1194000-tokens5014B,Italian,m_mmlu,m_mmlu_it,0.4887814459469668,5,0.25,686.2923,92.5617,0.681533,0.0741,0.189,0.2464,0.3218,0.3872,0.4645,0.5939,0.7114,0.8367,layer_21,last
step1432000-tokens6014B,Italian,m_mmlu,m_mmlu_it,0.48772380448742164,5,0.25,701.743,98.1945,0.681553,0.0724,0.1825,0.2404,0.3183,0.3846,0.4623,0.5923,0.7102,0.836,layer_21,last
step1670000-tokens7014B,Italian,m_mmlu,m_mmlu_it,0.49240764523683617,5,0.25,682.3603,95.3514,0.683758,0.0703,0.1893,0.2463,0.3239,0.3898,0.4673,0.5968,0.7137,0.8383,layer_21,last
step1678000-tokens7047B,Italian,m_mmlu,m_mmlu_it,0.5034373347435219,5,0.25,669.8545,93.5034,0.683332,0.0716,0.191,0.2492,0.3291,0.3954,0.4721,0.5999,0.7157,0.8393,layer_21,last
step1700000-tokens7232B,Italian,m_mmlu,m_mmlu_it,0.5176399486288434,5,0.25,674.4112,93.1996,0.686258,0.0727,0.1907,0.2476,0.3254,0.3917,0.4696,0.5991,0.7156,0.8397,layer_21,last
step1750000-tokens7652B,Italian,m_mmlu,m_mmlu_it,0.5202840522777065,5,0.25,662.6595,89.3945,0.685345,0.0737,0.1952,0.2528,0.3296,0.3948,0.4716,0.5999,0.7162,0.8399,layer_21,last
step1800000-tokens8072B,Italian,m_mmlu,m_mmlu_it,0.5258744428495883,5,0.25,678.4699,92.6822,0.686483,0.0732,0.192,0.2475,0.323,0.3889,0.4671,0.5969,0.7142,0.839,layer_21,last
step1850000-tokens8492B,Italian,m_mmlu,m_mmlu_it,0.5161290322580645,5,0.25,683.7478,95.2722,0.687743,0.0732,0.1875,0.2447,0.3219,0.3881,0.4669,0.5973,0.7147,0.8394,layer_21,last
step1900000-tokens8912B,Italian,m_mmlu,m_mmlu_it,0.514164840976052,5,0.25,686.4958,95.3183,0.686745,0.0739,0.1871,0.2443,0.3213,0.3878,0.466,0.5962,0.7137,0.8387,layer_21,last
step1950000-tokens9332B,Italian,m_mmlu,m_mmlu_it,0.5239857973861147,5,0.25,675.0413,93.0063,0.684875,0.0732,0.1914,0.2492,0.3254,0.3913,0.4689,0.5982,0.7149,0.8392,layer_21,last
step2000000-tokens9752B,Italian,m_mmlu,m_mmlu_it,0.5236836141119589,5,0.25,691.7943,100.4829,0.688355,0.0698,0.1835,0.2402,0.3197,0.3881,0.4673,0.5977,0.7151,0.8397,layer_21,last
step2050000-tokens10172B,Italian,m_mmlu,m_mmlu_it,0.5297272795950744,5,0.25,692.8821,100.5363,0.688307,0.0702,0.181,0.2396,0.3204,0.3876,0.4664,0.5972,0.7149,0.8397,layer_21,last
step2100000-tokens10592B,Italian,m_mmlu,m_mmlu_it,0.5296517337765355,5,0.25,683.3974,99.7645,0.686103,0.0672,0.1858,0.2444,0.3233,0.3912,0.4699,0.5994,0.716,0.8399,layer_21,last
step2150000-tokens11012B,Italian,m_mmlu,m_mmlu_it,0.5215683311928685,5,0.25,683.6508,98.4,0.690403,0.0694,0.1866,0.2439,0.3222,0.389,0.4678,0.5985,0.7162,0.8407,layer_21,last
step2200000-tokens11432B,Italian,m_mmlu,m_mmlu_it,0.5356953992596509,5,0.25,666.6895,95.9248,0.68899,0.0684,0.1911,0.2486,0.3283,0.3957,0.4737,0.6029,0.7192,0.8421,layer_21,last
step2250000-tokens11852B,Italian,m_mmlu,m_mmlu_it,0.5344866661630279,5,0.25,680.0282,95.1761,0.687062,0.0718,0.1897,0.2465,0.3234,0.3901,0.4681,0.5979,0.715,0.8395,layer_21,last
step2300000-tokens12272B,Italian,m_mmlu,m_mmlu_it,0.5634962604819823,5,0.25,659.3665,89.839,0.688594,0.0743,0.1951,0.2522,0.3285,0.3953,0.4734,0.6027,0.719,0.842,layer_21,last
step2350000-tokens12692B,Italian,m_mmlu,m_mmlu_it,0.5697665634207146,5,0.25,694.3657,97.3781,0.687296,0.0738,0.1841,0.2404,0.3174,0.3849,0.4643,0.5961,0.7141,0.8392,layer_21,last
step2400000-tokens13112B,Italian,m_mmlu,m_mmlu_it,0.5714285714285714,5,0.25,687.1485,96.7775,0.685077,0.0727,0.1861,0.2434,0.3206,0.3882,0.4672,0.5977,0.7149,0.8392,layer_21,last
step2450000-tokens13532B,Italian,m_mmlu,m_mmlu_it,0.578756515826849,5,0.25,649.4946,86.2435,0.686708,0.0759,0.1969,0.2512,0.3293,0.3984,0.4773,0.6063,0.7216,0.8431,layer_21,last
step2500000-tokens13952B,Italian,m_mmlu,m_mmlu_it,0.5879731056886002,5,0.25,654.5814,87.3333,0.686253,0.0773,0.1954,0.2492,0.3278,0.3969,0.4763,0.6057,0.721,0.8427,layer_21,last
step2550000-tokens14372B,Italian,m_mmlu,m_mmlu_it,0.5874442849588275,5,0.25,651.7218,87.9014,0.688322,0.0764,0.1943,0.2486,0.3286,0.3983,0.4779,0.6074,0.7225,0.8439,layer_21,last
step2600000-tokens14792B,Italian,m_mmlu,m_mmlu_it,0.588199743144217,5,0.25,629.3665,82.9404,0.689652,0.0784,0.2012,0.2557,0.3356,0.405,0.484,0.6121,0.7261,0.846,layer_21,last
step2627139-tokens15T,Italian,m_mmlu,m_mmlu_it,0.5896351136964569,5,0.25,632.0663,84.3863,0.690714,0.0767,0.2001,0.2542,0.3343,0.4039,0.4835,0.6124,0.7265,0.8463,layer_21,last
step50000-tokens210B,Spanish,m_mmlu,m_mmlu_es,0.2672116394180291,5,0.25,678.8909,77.4399,0.653408,0.0803,0.2003,0.2474,0.3222,0.3885,0.4663,0.5898,0.7028,0.8267,layer_21,last
step100000-tokens420B,Spanish,m_mmlu,m_mmlu_es,0.23983800809959502,5,0.25,426.811,37.686,0.667376,0.1219,0.2918,0.3364,0.4044,0.4643,0.5333,0.6434,0.7439,0.8523,layer_21,last
step150000-tokens630B,Spanish,m_mmlu,m_mmlu_es,0.36943152842357885,5,0.25,361.7364,29.9156,0.672424,0.1481,0.3207,0.3657,0.4321,0.4896,0.5552,0.6606,0.7568,0.8603,layer_21,last
step200000-tokens840B,Spanish,m_mmlu,m_mmlu_es,0.3782060896955152,5,0.25,397.8013,33.7873,0.674034,0.1386,0.3036,0.3485,0.4158,0.4745,0.542,0.6507,0.75,0.8568,layer_21,last
step250000-tokens1050B,Spanish,m_mmlu,m_mmlu_es,0.37385630718464075,5,0.25,447.511,41.3811,0.676694,0.1173,0.2804,0.3272,0.3975,0.4581,0.5276,0.64,0.7428,0.853,layer_21,last
step300000-tokens1260B,Spanish,m_mmlu,m_mmlu_es,0.4229038548072596,5,0.25,494.1512,48.8029,0.677422,0.101,0.2605,0.3086,0.3808,0.4429,0.514,0.6294,0.7354,0.849,layer_21,last
step350000-tokens1470B,Spanish,m_mmlu,m_mmlu_es,0.4184040797960102,5,0.25,536.0188,55.8386,0.676869,0.0912,0.2454,0.2933,0.3663,0.4294,0.5022,0.6205,0.7289,0.8452,layer_21,last
step400000-tokens1680B,Spanish,m_mmlu,m_mmlu_es,0.4352032398380081,5,0.25,586.4792,64.5103,0.678673,0.0834,0.2271,0.2751,0.3487,0.4131,0.4878,0.6096,0.7214,0.8414,layer_21,last
step450000-tokens1890B,Spanish,m_mmlu,m_mmlu_es,0.44907754612269385,5,0.25,595.1462,68.0519,0.678528,0.0806,0.224,0.2726,0.347,0.4124,0.4872,0.6088,0.7207,0.841,layer_21,last
step500000-tokens2100B,Spanish,m_mmlu,m_mmlu_es,0.45560221988900557,5,0.25,628.8795,72.1462,0.678493,0.0804,0.2121,0.2605,0.3356,0.4005,0.4757,0.6001,0.7146,0.8377,layer_21,last
step550000-tokens2310B,Spanish,m_mmlu,m_mmlu_es,0.4577771111444428,5,0.25,646.4281,75.1998,0.679582,0.0809,0.2059,0.2538,0.3296,0.3952,0.4716,0.5971,0.7125,0.8367,layer_21,last
step600000-tokens2520B,Spanish,m_mmlu,m_mmlu_es,0.46475176241187943,5,0.25,658.2278,77.7821,0.678548,0.0819,0.2028,0.2508,0.3264,0.3926,0.4689,0.5947,0.7107,0.8355,layer_21,last
step650000-tokens2730B,Spanish,m_mmlu,m_mmlu_es,0.46017699115044247,5,0.25,656.9129,77.0361,0.679389,0.0841,0.2008,0.2504,0.3267,0.393,0.4694,0.5953,0.7113,0.8359,layer_21,last
step700000-tokens2940B,Spanish,m_mmlu,m_mmlu_es,0.4679766011699415,5,0.25,657.1317,76.7382,0.680607,0.0848,0.2021,0.2506,0.3256,0.3917,0.4685,0.5949,0.7112,0.836,layer_21,last
step750000-tokens3150B,Spanish,m_mmlu,m_mmlu_es,0.47862606869656515,5,0.25,683.6254,83.3587,0.67909,0.079,0.1936,0.2429,0.3186,0.3849,0.4624,0.5901,0.7076,0.8339,layer_21,last
step800000-tokens3360B,Spanish,m_mmlu,m_mmlu_es,0.4832758362081896,5,0.25,661.8694,79.3208,0.680491,0.082,0.1988,0.2481,0.3251,0.392,0.469,0.5953,0.7113,0.8362,layer_21,last
step850000-tokens3570B,Spanish,m_mmlu,m_mmlu_es,0.47997600119994,5,0.25,701.9454,87.5839,0.681291,0.0782,0.1882,0.2371,0.3129,0.3798,0.4575,0.5863,0.705,0.8329,layer_21,last
step900000-tokens3780B,Spanish,m_mmlu,m_mmlu_es,0.47090145492725366,5,0.25,692.7952,85.5679,0.6821,0.0811,0.1898,0.2395,0.3159,0.3827,0.4601,0.5885,0.7068,0.834,layer_21,last
step950000-tokens3990B,Spanish,m_mmlu,m_mmlu_es,0.4721013949302535,5,0.25,673.2342,82.3442,0.681069,0.0822,0.1948,0.2456,0.3227,0.3894,0.4662,0.5932,0.71,0.8355,layer_21,last
step1000000-tokens4200B,Spanish,m_mmlu,m_mmlu_es,0.48845057747112647,5,0.25,668.3,78.8734,0.680574,0.0858,0.1974,0.2473,0.3238,0.3896,0.4657,0.5922,0.7091,0.835,layer_21,last
step1194000-tokens5014B,Spanish,m_mmlu,m_mmlu_es,0.4942252887355632,5,0.25,665.2559,76.3301,0.68163,0.09,0.1981,0.2482,0.3229,0.389,0.4655,0.5925,0.7095,0.8355,layer_21,last
step1432000-tokens6014B,Spanish,m_mmlu,m_mmlu_es,0.48920053997300134,5,0.25,677.8798,80.4549,0.680537,0.0864,0.194,0.245,0.3199,0.3872,0.464,0.5907,0.7079,0.8344,layer_21,last
step1670000-tokens7014B,Spanish,m_mmlu,m_mmlu_es,0.4977501124943753,5,0.25,683.4826,80.7834,0.682407,0.0878,0.1908,0.2412,0.3171,0.385,0.4624,0.5902,0.708,0.8347,layer_21,last
step1678000-tokens7047B,Spanish,m_mmlu,m_mmlu_es,0.5137993100344983,5,0.25,660.2174,76.9478,0.682247,0.0888,0.1981,0.2495,0.325,0.3922,0.4686,0.5946,0.7112,0.8365,layer_21,last
step1700000-tokens7232B,Spanish,m_mmlu,m_mmlu_es,0.51972401379931,5,0.25,690.3415,86.4212,0.685652,0.0835,0.1863,0.2391,0.3162,0.3846,0.4627,0.5914,0.7094,0.836,layer_21,last
step1750000-tokens7652B,Spanish,m_mmlu,m_mmlu_es,0.5229488525573721,5,0.25,662.9383,80.8533,0.684152,0.0845,0.1985,0.2493,0.3253,0.3924,0.4689,0.5958,0.7122,0.8373,layer_21,last
step1800000-tokens8072B,Spanish,m_mmlu,m_mmlu_es,0.5300734963251837,5,0.25,682.32,82.3135,0.685402,0.086,0.1918,0.2417,0.3169,0.385,0.4629,0.5915,0.7093,0.8359,layer_21,last
step1850000-tokens8492B,Spanish,m_mmlu,m_mmlu_es,0.5162741862906854,5,0.25,676.3062,81.8461,0.685461,0.0858,0.1933,0.2443,0.3196,0.387,0.4645,0.5928,0.7105,0.8366,layer_21,last
step1900000-tokens8912B,Spanish,m_mmlu,m_mmlu_es,0.515299235038248,5,0.25,682.3243,83.6729,0.685591,0.0846,0.1913,0.2426,0.3181,0.3858,0.4634,0.5919,0.7097,0.8362,layer_21,last
step1950000-tokens9332B,Spanish,m_mmlu,m_mmlu_es,0.5243737813109345,5,0.25,673.5573,82.5047,0.684707,0.0843,0.1929,0.2452,0.3209,0.3891,0.4665,0.594,0.7111,0.8369,layer_21,last
step2000000-tokens9752B,Spanish,m_mmlu,m_mmlu_es,0.5287985600719964,5,0.25,684.8413,85.0322,0.686366,0.0833,0.1898,0.2409,0.3173,0.3852,0.463,0.5919,0.7101,0.8366,layer_21,last
step2050000-tokens10172B,Spanish,m_mmlu,m_mmlu_es,0.5298485075746213,5,0.25,668.3191,81.699,0.687333,0.084,0.1944,0.2456,0.3222,0.3895,0.467,0.5952,0.7126,0.8381,layer_21,last
step2100000-tokens10592B,Spanish,m_mmlu,m_mmlu_es,0.5383230838458077,5,0.25,691.1189,88.953,0.68513,0.0804,0.1866,0.2383,0.3161,0.3852,0.4639,0.5927,0.7103,0.8364,layer_21,last
step2150000-tokens11012B,Spanish,m_mmlu,m_mmlu_es,0.5275986200689966,5,0.25,687.5633,84.4218,0.688818,0.0849,0.1876,0.2384,0.3151,0.383,0.4614,0.5913,0.7103,0.8372,layer_21,last
step2200000-tokens11432B,Spanish,m_mmlu,m_mmlu_es,0.5351732413379331,5,0.25,640.1952,76.276,0.686475,0.0871,0.2037,0.254,0.3306,0.3985,0.4753,0.6017,0.7171,0.8404,layer_21,last
step2250000-tokens11852B,Spanish,m_mmlu,m_mmlu_es,0.5449977501124944,5,0.25,668.153,78.7254,0.687073,0.0899,0.1938,0.2455,0.3213,0.3886,0.4663,0.5946,0.712,0.8377,layer_21,last
step2300000-tokens12272B,Spanish,m_mmlu,m_mmlu_es,0.5703464826758662,5,0.25,681.2812,83.3702,0.686703,0.0866,0.188,0.2409,0.3181,0.3862,0.4643,0.5935,0.7115,0.8374,layer_21,last
step2350000-tokens12692B,Spanish,m_mmlu,m_mmlu_es,0.5794210289485525,5,0.25,674.4011,81.5246,0.686809,0.0883,0.1889,0.2421,0.3201,0.3884,0.4665,0.5952,0.7127,0.8381,layer_21,last
step2400000-tokens13112B,Spanish,m_mmlu,m_mmlu_es,0.5764211789410529,5,0.25,656.5801,79.4162,0.684339,0.0872,0.1966,0.25,0.3264,0.3942,0.4715,0.599,0.7151,0.8389,layer_21,last
step2450000-tokens13532B,Spanish,m_mmlu,m_mmlu_es,0.5815209239538023,5,0.25,660.2511,78.0467,0.684897,0.0922,0.1905,0.2461,0.3236,0.3925,0.4713,0.6,0.7163,0.8398,layer_21,last
step2500000-tokens13952B,Spanish,m_mmlu,m_mmlu_es,0.5966701664916754,5,0.25,650.4593,75.675,0.684345,0.0938,0.1941,0.2483,0.3262,0.3954,0.474,0.6021,0.7178,0.8405,layer_21,last
step2550000-tokens14372B,Spanish,m_mmlu,m_mmlu_es,0.5947202639868007,5,0.25,650.4806,77.3889,0.687193,0.0919,0.1923,0.2473,0.3263,0.3957,0.4744,0.6035,0.7194,0.8418,layer_21,last
step2600000-tokens14792B,Spanish,m_mmlu,m_mmlu_es,0.596745162741863,5,0.25,632.6669,74.8035,0.68814,0.0931,0.1971,0.2524,0.3318,0.4019,0.4802,0.6081,0.7227,0.8437,layer_21,last
step2627139-tokens15T,Spanish,m_mmlu,m_mmlu_es,0.5986950652467377,5,0.25,639.3804,76.8198,0.689421,0.0913,0.194,0.2497,0.3294,0.3997,0.4786,0.6074,0.7224,0.8437,layer_21,last
step50000-tokens210B,Chinese,xcopa,xcopa_zh,0.67,0,0.5,387.2331,36.7263,0.723344,0.1369,0.2812,0.3393,0.42,0.4877,0.5601,0.671,0.7695,0.8725,layer_21,last
step100000-tokens420B,Chinese,xcopa,xcopa_zh,0.634,0,0.5,250.3523,23.2845,0.743704,0.1711,0.3576,0.4194,0.4932,0.5543,0.6196,0.7193,0.8059,0.8945,layer_21,last
step150000-tokens630B,Chinese,xcopa,xcopa_zh,0.688,0,0.5,212.7703,20.2921,0.750716,0.1799,0.3864,0.448,0.52,0.5787,0.6404,0.7354,0.8177,0.9015,layer_21,last
step200000-tokens840B,Chinese,xcopa,xcopa_zh,0.64,0,0.5,230.7219,21.3149,0.754037,0.1788,0.3719,0.4326,0.5047,0.5646,0.628,0.7261,0.8116,0.8986,layer_21,last
step250000-tokens1050B,Chinese,xcopa,xcopa_zh,0.662,0,0.5,273.5591,27.0443,0.756989,0.1469,0.3403,0.4054,0.4802,0.5417,0.6077,0.7113,0.8018,0.8937,layer_21,last
step300000-tokens1260B,Chinese,xcopa,xcopa_zh,0.676,0,0.5,296.1998,29.1037,0.761486,0.1502,0.3252,0.3897,0.4663,0.5296,0.5969,0.7036,0.797,0.8916,layer_21,last
step350000-tokens1470B,Chinese,xcopa,xcopa_zh,0.67,0,0.5,305.0254,31.4342,0.761244,0.1434,0.3187,0.3859,0.4629,0.5278,0.5962,0.7037,0.7973,0.8917,layer_21,last
step400000-tokens1680B,Chinese,xcopa,xcopa_zh,0.67,0,0.5,348.4119,36.0756,0.764141,0.1331,0.2938,0.3587,0.4375,0.5044,0.5759,0.6889,0.7874,0.8868,layer_21,last
step450000-tokens1890B,Chinese,xcopa,xcopa_zh,0.672,0,0.5,354.3487,37.2279,0.76378,0.1287,0.2898,0.3568,0.4356,0.5023,0.5736,0.6865,0.7854,0.8858,layer_21,last
step500000-tokens2100B,Chinese,xcopa,xcopa_zh,0.68,0,0.5,376.5125,40.3232,0.765502,0.1208,0.278,0.3434,0.4236,0.4919,0.5647,0.6804,0.7816,0.8839,layer_21,last
step550000-tokens2310B,Chinese,xcopa,xcopa_zh,0.67,0,0.5,373.3926,39.8105,0.769008,0.1235,0.2803,0.3452,0.4255,0.493,0.5652,0.6808,0.7821,0.8846,layer_21,last
step600000-tokens2520B,Chinese,xcopa,xcopa_zh,0.686,0,0.5,399.3028,43.2607,0.764077,0.1203,0.269,0.3332,0.4135,0.4822,0.5556,0.6729,0.7765,0.8812,layer_21,last
step650000-tokens2730B,Chinese,xcopa,xcopa_zh,0.692,0,0.5,393.3533,40.9345,0.766719,0.1275,0.2708,0.3335,0.4151,0.4827,0.5559,0.6738,0.7774,0.882,layer_21,last
step700000-tokens2940B,Chinese,xcopa,xcopa_zh,0.664,0,0.5,402.1813,41.5149,0.771074,0.1295,0.2654,0.3297,0.4098,0.4781,0.5516,0.6708,0.7757,0.8816,layer_21,last
step750000-tokens3150B,Chinese,xcopa,xcopa_zh,0.682,0,0.5,406.7928,41.9167,0.76915,0.1297,0.2626,0.3262,0.4074,0.4761,0.5505,0.67,0.775,0.8812,layer_21,last
step800000-tokens3360B,Chinese,xcopa,xcopa_zh,0.678,0,0.5,390.6626,39.6425,0.768217,0.1335,0.2737,0.335,0.4145,0.4823,0.5556,0.6739,0.7778,0.8826,layer_21,last
step850000-tokens3570B,Chinese,xcopa,xcopa_zh,0.708,0,0.5,408.1576,42.3566,0.771268,0.1278,0.2643,0.3254,0.4062,0.4746,0.5495,0.6697,0.7752,0.8814,layer_21,last
step900000-tokens3780B,Chinese,xcopa,xcopa_zh,0.696,0,0.5,413.2297,45.9587,0.772802,0.12,0.2614,0.3235,0.4078,0.4764,0.5512,0.6711,0.7763,0.8822,layer_21,last
step950000-tokens3990B,Chinese,xcopa,xcopa_zh,0.684,0,0.5,407.6072,42.9023,0.772106,0.1257,0.2635,0.3254,0.4068,0.4757,0.5501,0.6701,0.7756,0.8818,layer_21,last
step1000000-tokens4200B,Chinese,xcopa,xcopa_zh,0.668,0,0.5,404.6933,42.1894,0.772364,0.1272,0.2652,0.3279,0.408,0.476,0.5505,0.6702,0.7758,0.8819,layer_21,last
step1194000-tokens5014B,Chinese,xcopa,xcopa_zh,0.696,0,0.5,407.594,41.5889,0.776253,0.1293,0.2653,0.3261,0.4053,0.4717,0.5464,0.6677,0.7745,0.8818,layer_21,last
step1432000-tokens6014B,Chinese,xcopa,xcopa_zh,0.69,0,0.5,421.7116,44.0269,0.776945,0.1267,0.2559,0.3171,0.3993,0.4679,0.5434,0.6659,0.7736,0.8814,layer_21,last
step1670000-tokens7014B,Chinese,xcopa,xcopa_zh,0.696,0,0.5,429.3254,45.1926,0.776811,0.1239,0.2557,0.3154,0.3955,0.4632,0.5392,0.6626,0.7717,0.8806,layer_21,last
step1678000-tokens7047B,Chinese,xcopa,xcopa_zh,0.662,0,0.5,396.0758,39.7196,0.780036,0.1348,0.2691,0.328,0.4093,0.4772,0.5516,0.6722,0.7786,0.8844,layer_21,last
step1700000-tokens7232B,Chinese,xcopa,xcopa_zh,0.686,0,0.5,407.0235,44.0809,0.78529,0.1242,0.2599,0.3237,0.4075,0.4755,0.5503,0.6721,0.779,0.8852,layer_21,last
step1750000-tokens7652B,Chinese,xcopa,xcopa_zh,0.688,0,0.5,406.1813,44.2672,0.782695,0.1236,0.2615,0.3225,0.4066,0.4762,0.5522,0.6743,0.7806,0.8857,layer_21,last
step1800000-tokens8072B,Chinese,xcopa,xcopa_zh,0.68,0,0.5,413.2469,42.2506,0.785713,0.1302,0.2591,0.3186,0.4005,0.4685,0.5447,0.668,0.7765,0.884,layer_21,last
step1850000-tokens8492B,Chinese,xcopa,xcopa_zh,0.66,0,0.5,410.0551,42.8753,0.78573,0.1289,0.2591,0.3193,0.4027,0.4716,0.548,0.6711,0.7789,0.8853,layer_21,last
step1900000-tokens8912B,Chinese,xcopa,xcopa_zh,0.666,0,0.5,396.126,39.7551,0.786052,0.1348,0.2688,0.3283,0.4086,0.475,0.5499,0.6719,0.7792,0.8855,layer_21,last
step1950000-tokens9332B,Chinese,xcopa,xcopa_zh,0.676,0,0.5,407.5233,43.9749,0.781842,0.1237,0.2625,0.3239,0.4056,0.4737,0.5498,0.6724,0.7794,0.8852,layer_21,last
step2000000-tokens9752B,Chinese,xcopa,xcopa_zh,0.694,0,0.5,411.6254,44.5048,0.785267,0.1224,0.2608,0.321,0.4031,0.471,0.5473,0.6706,0.7788,0.8854,layer_21,last
step2050000-tokens10172B,Chinese,xcopa,xcopa_zh,0.73,0,0.5,406.4812,43.1275,0.786169,0.1259,0.263,0.3216,0.4042,0.4726,0.5489,0.6719,0.7797,0.886,layer_21,last
step2100000-tokens10592B,Chinese,xcopa,xcopa_zh,0.7,0,0.5,439.2048,48.356,0.784557,0.1192,0.2473,0.3057,0.3899,0.4601,0.5383,0.6642,0.7742,0.8829,layer_21,last
step2150000-tokens11012B,Chinese,xcopa,xcopa_zh,0.71,0,0.5,426.0333,43.8977,0.789661,0.1283,0.2533,0.3116,0.3934,0.4608,0.5381,0.6645,0.7754,0.8842,layer_21,last
step2200000-tokens11432B,Chinese,xcopa,xcopa_zh,0.696,0,0.5,405.2877,44.3073,0.787188,0.1223,0.2631,0.3225,0.4056,0.4747,0.5513,0.6742,0.7815,0.887,layer_21,last
step2250000-tokens11852B,Chinese,xcopa,xcopa_zh,0.694,0,0.5,406.1192,41.728,0.787936,0.1316,0.2628,0.3222,0.4038,0.4716,0.5477,0.6709,0.779,0.8857,layer_21,last
step2300000-tokens12272B,Chinese,xcopa,xcopa_zh,0.744,0,0.5,404.0962,42.2638,0.787342,0.1306,0.2617,0.3218,0.4039,0.4732,0.5506,0.6742,0.7815,0.8869,layer_21,last
step2350000-tokens12692B,Chinese,xcopa,xcopa_zh,0.738,0,0.5,422.6043,44.2141,0.787548,0.1283,0.2528,0.3128,0.396,0.4647,0.5423,0.6677,0.7774,0.8849,layer_21,last
step2400000-tokens13112B,Chinese,xcopa,xcopa_zh,0.76,0,0.5,419.0615,45.3418,0.785638,0.1247,0.2529,0.3127,0.3984,0.4683,0.5469,0.6718,0.7801,0.8861,layer_21,last
step2450000-tokens13532B,Chinese,xcopa,xcopa_zh,0.728,0,0.5,408.7204,43.9041,0.781364,0.1297,0.2481,0.3144,0.4029,0.4763,0.5548,0.6786,0.7846,0.8881,layer_21,last
step2500000-tokens13952B,Chinese,xcopa,xcopa_zh,0.734,0,0.5,411.7017,43.3621,0.780748,0.1314,0.2472,0.3115,0.4009,0.4739,0.5526,0.677,0.7834,0.8873,layer_21,last
step2550000-tokens14372B,Chinese,xcopa,xcopa_zh,0.762,0,0.5,419.8976,45.5362,0.783304,0.1273,0.2407,0.3064,0.3964,0.4705,0.5511,0.6769,0.7838,0.8879,layer_21,last
step2600000-tokens14792B,Chinese,xcopa,xcopa_zh,0.748,0,0.5,418.6928,45.8547,0.783314,0.1258,0.242,0.3079,0.3979,0.4706,0.5511,0.6771,0.7842,0.8882,layer_21,last
step2627139-tokens15T,Chinese,xcopa,xcopa_zh,0.746,0,0.5,416.3215,45.9509,0.785506,0.1257,0.2408,0.3069,0.399,0.4725,0.5533,0.6792,0.7858,0.8891,layer_21,last
step50000-tokens210B,Indonesian,xcopa,xcopa_id,0.692,0,0.5,302.0652,29.7678,0.757722,0.1533,0.3287,0.3879,0.4703,0.5304,0.5959,0.6993,0.7907,0.8869,layer_21,last
step100000-tokens420B,Indonesian,xcopa,xcopa_id,0.716,0,0.5,206.6453,20.2435,0.778028,0.1875,0.391,0.4571,0.529,0.5835,0.6439,0.7375,0.8192,0.904,layer_21,last
step150000-tokens630B,Indonesian,xcopa,xcopa_id,0.746,0,0.5,182.6159,18.9234,0.784531,0.1892,0.4135,0.4789,0.5499,0.603,0.6617,0.7515,0.8294,0.9099,layer_21,last
step200000-tokens840B,Indonesian,xcopa,xcopa_id,0.758,0,0.5,206.669,21.6343,0.788437,0.1701,0.3954,0.458,0.53,0.5845,0.6456,0.7398,0.8218,0.9063,layer_21,last
step250000-tokens1050B,Indonesian,xcopa,xcopa_id,0.74,0,0.5,229.1836,23.4042,0.79452,0.1698,0.3747,0.4385,0.5118,0.5687,0.6322,0.73,0.8155,0.9035,layer_21,last
step300000-tokens1260B,Indonesian,xcopa,xcopa_id,0.744,0,0.5,247.5647,26.7339,0.797856,0.1523,0.3616,0.4267,0.5009,0.5593,0.6244,0.7247,0.8123,0.9021,layer_21,last
step350000-tokens1470B,Indonesian,xcopa,xcopa_id,0.748,0,0.5,260.0279,27.8379,0.797691,0.1496,0.353,0.4163,0.4919,0.551,0.6173,0.7197,0.8089,0.9003,layer_21,last
step400000-tokens1680B,Indonesian,xcopa,xcopa_id,0.73,0,0.5,304.5816,32.0448,0.80232,0.145,0.3235,0.383,0.4637,0.5255,0.5951,0.7034,0.798,0.8952,layer_21,last
step450000-tokens1890B,Indonesian,xcopa,xcopa_id,0.752,0,0.5,294.3103,32.3124,0.800188,0.1387,0.3321,0.3935,0.4705,0.5316,0.601,0.7082,0.8013,0.8968,layer_21,last
step500000-tokens2100B,Indonesian,xcopa,xcopa_id,0.744,0,0.5,309.8503,33.6781,0.799194,0.1311,0.3249,0.3832,0.4593,0.5209,0.5915,0.7007,0.7962,0.8941,layer_21,last
step550000-tokens2310B,Indonesian,xcopa,xcopa_id,0.744,0,0.5,328.2256,35.7381,0.803553,0.1358,0.3079,0.3692,0.4501,0.5142,0.5864,0.6976,0.7944,0.8935,layer_21,last
step600000-tokens2520B,Indonesian,xcopa,xcopa_id,0.746,0,0.5,322.5254,33.0985,0.802956,0.1456,0.3136,0.3727,0.45,0.5133,0.5853,0.6965,0.7936,0.893,layer_21,last
step650000-tokens2730B,Indonesian,xcopa,xcopa_id,0.75,0,0.5,309.5403,33.5671,0.8004,0.1345,0.3225,0.3816,0.4585,0.5223,0.5936,0.7027,0.7977,0.895,layer_21,last
step700000-tokens2940B,Indonesian,xcopa,xcopa_id,0.748,0,0.5,321.278,35.7221,0.803309,0.1308,0.3161,0.3763,0.4539,0.5168,0.5885,0.6992,0.7956,0.8942,layer_21,last
step750000-tokens3150B,Indonesian,xcopa,xcopa_id,0.738,0,0.5,330.2827,36.8993,0.80354,0.1254,0.3097,0.3701,0.4483,0.5123,0.5844,0.6961,0.7935,0.8931,layer_21,last
step800000-tokens3360B,Indonesian,xcopa,xcopa_id,0.738,0,0.5,317.297,34.5273,0.802385,0.1353,0.3167,0.3764,0.4545,0.5188,0.5905,0.7011,0.7969,0.8948,layer_21,last
step850000-tokens3570B,Indonesian,xcopa,xcopa_id,0.756,0,0.5,330.2547,36.3568,0.804745,0.124,0.3117,0.3691,0.4458,0.5095,0.5825,0.6952,0.7932,0.8932,layer_21,last
step900000-tokens3780B,Indonesian,xcopa,xcopa_id,0.752,0,0.5,347.1932,38.7199,0.808301,0.1282,0.2983,0.3571,0.4383,0.5038,0.5778,0.6921,0.7913,0.8924,layer_21,last
step950000-tokens3990B,Indonesian,xcopa,xcopa_id,0.752,0,0.5,332.9797,36.3352,0.802945,0.1322,0.3074,0.3682,0.446,0.5097,0.5825,0.6951,0.7929,0.8928,layer_21,last
step1000000-tokens4200B,Indonesian,xcopa,xcopa_id,0.736,0,0.5,335.6366,37.5966,0.805542,0.1289,0.305,0.3668,0.4449,0.5097,0.583,0.6959,0.7938,0.8934,layer_21,last
step1194000-tokens5014B,Indonesian,xcopa,xcopa_id,0.754,0,0.5,345.4427,38.0304,0.80869,0.1301,0.3014,0.3618,0.4378,0.5029,0.5769,0.6911,0.7906,0.8921,layer_21,last
step1432000-tokens6014B,Indonesian,xcopa,xcopa_id,0.74,0,0.5,339.6807,36.8123,0.80994,0.1338,0.3,0.3599,0.4405,0.5063,0.5807,0.6946,0.7934,0.8936,layer_21,last
step1670000-tokens7014B,Indonesian,xcopa,xcopa_id,0.738,0,0.5,360.6025,40.843,0.808701,0.1243,0.2893,0.353,0.4297,0.4959,0.5722,0.6888,0.7894,0.8915,layer_21,last
step1678000-tokens7047B,Indonesian,xcopa,xcopa_id,0.754,0,0.5,337.4923,37.106,0.806741,0.1333,0.3024,0.3656,0.4418,0.5073,0.5818,0.6956,0.7941,0.8939,layer_21,last
step1700000-tokens7232B,Indonesian,xcopa,xcopa_id,0.776,0,0.5,329.3582,36.5529,0.814112,0.1337,0.3025,0.3685,0.4469,0.512,0.5866,0.7001,0.7978,0.8963,layer_21,last
step1750000-tokens7652B,Indonesian,xcopa,xcopa_id,0.754,0,0.5,336.2853,37.5778,0.813865,0.1319,0.2988,0.3643,0.4429,0.5089,0.5839,0.698,0.7962,0.8954,layer_21,last
step1800000-tokens8072B,Indonesian,xcopa,xcopa_id,0.75,0,0.5,336.3802,36.7222,0.817333,0.1338,0.3003,0.3617,0.4392,0.5064,0.5824,0.6973,0.796,0.8956,layer_21,last
step1850000-tokens8492B,Indonesian,xcopa,xcopa_id,0.75,0,0.5,327.2643,35.3944,0.81569,0.1379,0.3048,0.3691,0.4455,0.5112,0.586,0.6997,0.7977,0.8965,layer_21,last
step1900000-tokens8912B,Indonesian,xcopa,xcopa_id,0.752,0,0.5,341.3778,37.1614,0.815113,0.1354,0.2963,0.3612,0.4378,0.5045,0.5802,0.6951,0.7945,0.8947,layer_21,last
step1950000-tokens9332B,Indonesian,xcopa,xcopa_id,0.758,0,0.5,322.8171,35.6044,0.81131,0.135,0.3103,0.3724,0.4492,0.5143,0.5889,0.7018,0.7987,0.8965,layer_21,last
step2000000-tokens9752B,Indonesian,xcopa,xcopa_id,0.774,0,0.5,342.0972,38.468,0.815136,0.1299,0.2969,0.3609,0.4385,0.5047,0.5808,0.6965,0.7957,0.8954,layer_21,last
step2050000-tokens10172B,Indonesian,xcopa,xcopa_id,0.774,0,0.5,320.4932,36.5406,0.815885,0.1311,0.308,0.3741,0.4518,0.5176,0.592,0.7048,0.8014,0.8984,layer_21,last
step2100000-tokens10592B,Indonesian,xcopa,xcopa_id,0.772,0,0.5,354.3959,40.2151,0.815823,0.1277,0.2877,0.3511,0.4318,0.5004,0.5775,0.694,0.794,0.8945,layer_21,last
step2150000-tokens11012B,Indonesian,xcopa,xcopa_id,0.752,0,0.5,338.691,37.3805,0.817551,0.1328,0.2978,0.3597,0.4383,0.5055,0.5817,0.6979,0.7972,0.8965,layer_21,last
step2200000-tokens11432B,Indonesian,xcopa,xcopa_id,0.754,0,0.5,325.1153,39.2347,0.816829,0.1224,0.3028,0.3708,0.4505,0.5187,0.5942,0.7069,0.8029,0.8992,layer_21,last
step2250000-tokens11852B,Indonesian,xcopa,xcopa_id,0.768,0,0.5,329.7649,37.9595,0.816601,0.129,0.3029,0.3682,0.4464,0.5128,0.5887,0.7024,0.7996,0.8974,layer_21,last
step2300000-tokens12272B,Indonesian,xcopa,xcopa_id,0.752,0,0.5,342.402,36.8422,0.815361,0.1378,0.2942,0.3561,0.436,0.5038,0.5806,0.6965,0.7958,0.8954,layer_21,last
step2350000-tokens12692B,Indonesian,xcopa,xcopa_id,0.76,0,0.5,334.6107,35.5372,0.818317,0.1416,0.2964,0.3601,0.4403,0.5072,0.5834,0.6989,0.7977,0.8966,layer_21,last
step2400000-tokens13112B,Indonesian,xcopa,xcopa_id,0.764,0,0.5,308.4132,32.476,0.815429,0.1465,0.3138,0.3761,0.4543,0.5205,0.5956,0.7077,0.8033,0.8992,layer_21,last
step2450000-tokens13532B,Indonesian,xcopa,xcopa_id,0.75,0,0.5,295.2913,30.9572,0.810293,0.1478,0.3098,0.3804,0.4624,0.5285,0.6036,0.7152,0.8085,0.9015,layer_21,last
step2500000-tokens13952B,Indonesian,xcopa,xcopa_id,0.756,0,0.5,278.1352,27.3206,0.813346,0.1635,0.3219,0.3887,0.4686,0.5351,0.6094,0.7195,0.8116,0.9034,layer_21,last
step2550000-tokens14372B,Indonesian,xcopa,xcopa_id,0.764,0,0.5,283.1172,28.1931,0.813817,0.1606,0.3184,0.3854,0.4658,0.5323,0.6075,0.7188,0.8115,0.9035,layer_21,last
step2600000-tokens14792B,Indonesian,xcopa,xcopa_id,0.756,0,0.5,277.6615,28.6085,0.814569,0.1574,0.3199,0.3896,0.4712,0.538,0.613,0.7232,0.8146,0.9051,layer_21,last
step2627139-tokens15T,Indonesian,xcopa,xcopa_id,0.76,0,0.5,271.6894,26.6966,0.816983,0.1664,0.325,0.3915,0.472,0.5385,0.6132,0.723,0.8147,0.9054,layer_21,last
step50000-tokens210B,Italian,xcopa,xcopa_it,0.696,0,0.5,671.0364,81.7999,0.652238,0.0819,0.196,0.2523,0.3289,0.3948,0.4721,0.5968,0.7088,0.8302,layer_21,last
step100000-tokens420B,Italian,xcopa,xcopa_it,0.704,0,0.5,431.1118,37.6722,0.666657,0.1332,0.2811,0.3341,0.405,0.4649,0.5338,0.646,0.7464,0.8538,layer_21,last
step150000-tokens630B,Italian,xcopa,xcopa_it,0.73,0,0.5,373.367,31.1081,0.671136,0.1506,0.3063,0.3604,0.4293,0.4868,0.5529,0.6612,0.7578,0.8609,layer_21,last
step200000-tokens840B,Italian,xcopa,xcopa_it,0.73,0,0.5,411.3267,36.4856,0.672843,0.1361,0.2889,0.3445,0.415,0.4736,0.5415,0.6526,0.7519,0.8577,layer_21,last
step250000-tokens1050B,Italian,xcopa,xcopa_it,0.742,0,0.5,456.8557,43.8054,0.675679,0.1197,0.2686,0.3247,0.3979,0.4581,0.5279,0.6428,0.7453,0.8544,layer_21,last
step300000-tokens1260B,Italian,xcopa,xcopa_it,0.75,0,0.5,486.6298,49.3999,0.676929,0.1082,0.256,0.3139,0.3876,0.4486,0.5195,0.6362,0.7406,0.852,layer_21,last
step350000-tokens1470B,Italian,xcopa,xcopa_it,0.734,0,0.5,547.7855,59.7284,0.67633,0.0953,0.2327,0.2908,0.3662,0.4285,0.5012,0.6221,0.7307,0.8465,layer_21,last
step400000-tokens1680B,Italian,xcopa,xcopa_it,0.72,0,0.5,567.4561,63.5254,0.678136,0.091,0.2245,0.2819,0.3588,0.422,0.4961,0.6186,0.7284,0.8454,layer_21,last
step450000-tokens1890B,Italian,xcopa,xcopa_it,0.744,0,0.5,595.794,71.9093,0.678417,0.0818,0.2166,0.2736,0.351,0.4148,0.4897,0.6136,0.7249,0.8434,layer_21,last
step500000-tokens2100B,Italian,xcopa,xcopa_it,0.75,0,0.5,624.2736,77.3822,0.678173,0.0772,0.2098,0.2653,0.341,0.405,0.4805,0.6067,0.7201,0.8409,layer_21,last
step550000-tokens2310B,Italian,xcopa,xcopa_it,0.74,0,0.5,613.4902,76.9052,0.680014,0.076,0.2109,0.268,0.3458,0.4096,0.4844,0.6099,0.7226,0.8425,layer_21,last
step600000-tokens2520B,Italian,xcopa,xcopa_it,0.752,0,0.5,652.8762,82.8387,0.678726,0.0792,0.1983,0.2549,0.3326,0.3973,0.4734,0.6007,0.7157,0.8385,layer_21,last
step650000-tokens2730B,Italian,xcopa,xcopa_it,0.744,0,0.5,657.7554,84.8799,0.67945,0.077,0.1959,0.2531,0.3309,0.3959,0.4725,0.6004,0.7156,0.8385,layer_21,last
step700000-tokens2940B,Italian,xcopa,xcopa_it,0.754,0,0.5,661.0522,86.1481,0.681109,0.0751,0.1954,0.2509,0.3295,0.3944,0.4714,0.6001,0.7158,0.8388,layer_21,last
step750000-tokens3150B,Italian,xcopa,xcopa_it,0.762,0,0.5,681.2567,90.6557,0.680491,0.0728,0.1911,0.246,0.3228,0.3882,0.4658,0.5954,0.7122,0.8369,layer_21,last
step800000-tokens3360B,Italian,xcopa,xcopa_it,0.766,0,0.5,666.1096,87.6198,0.680584,0.0753,0.1939,0.2504,0.3283,0.3936,0.4704,0.5989,0.7147,0.8383,layer_21,last
step850000-tokens3570B,Italian,xcopa,xcopa_it,0.758,0,0.5,658.2384,84.0892,0.681739,0.0763,0.1999,0.2543,0.3292,0.3935,0.4701,0.5987,0.7147,0.8386,layer_21,last
step900000-tokens3780B,Italian,xcopa,xcopa_it,0.734,0,0.5,666.5771,87.9482,0.682686,0.074,0.1947,0.2496,0.3271,0.3926,0.4701,0.5988,0.7149,0.8387,layer_21,last
step950000-tokens3990B,Italian,xcopa,xcopa_it,0.752,0,0.5,674.5745,88.7253,0.681652,0.077,0.1914,0.2472,0.3251,0.3902,0.4674,0.597,0.7137,0.8379,layer_21,last
step1000000-tokens4200B,Italian,xcopa,xcopa_it,0.744,0,0.5,668.6652,88.6791,0.681961,0.0751,0.1939,0.2494,0.3278,0.3928,0.4695,0.5981,0.7144,0.8384,layer_21,last
step1194000-tokens5014B,Italian,xcopa,xcopa_it,0.762,0,0.5,686.2923,92.5617,0.681533,0.0741,0.189,0.2464,0.3218,0.3872,0.4645,0.5939,0.7114,0.8367,layer_21,last
step1432000-tokens6014B,Italian,xcopa,xcopa_it,0.75,0,0.5,701.743,98.1945,0.681553,0.0724,0.1825,0.2404,0.3183,0.3846,0.4623,0.5923,0.7102,0.836,layer_21,last
step1670000-tokens7014B,Italian,xcopa,xcopa_it,0.774,0,0.5,682.3603,95.3514,0.683758,0.0703,0.1893,0.2463,0.3239,0.3898,0.4673,0.5968,0.7137,0.8383,layer_21,last
step1678000-tokens7047B,Italian,xcopa,xcopa_it,0.758,0,0.5,669.8545,93.5034,0.683332,0.0716,0.191,0.2492,0.3291,0.3954,0.4721,0.5999,0.7157,0.8393,layer_21,last
step1700000-tokens7232B,Italian,xcopa,xcopa_it,0.76,0,0.5,674.4112,93.1996,0.686258,0.0727,0.1907,0.2476,0.3254,0.3917,0.4696,0.5991,0.7156,0.8397,layer_21,last
step1750000-tokens7652B,Italian,xcopa,xcopa_it,0.768,0,0.5,662.6595,89.3945,0.685345,0.0737,0.1952,0.2528,0.3296,0.3948,0.4716,0.5999,0.7162,0.8399,layer_21,last
step1800000-tokens8072B,Italian,xcopa,xcopa_it,0.766,0,0.5,678.4699,92.6822,0.686483,0.0732,0.192,0.2475,0.323,0.3889,0.4671,0.5969,0.7142,0.839,layer_21,last
step1850000-tokens8492B,Italian,xcopa,xcopa_it,0.766,0,0.5,683.7478,95.2722,0.687743,0.0732,0.1875,0.2447,0.3219,0.3881,0.4669,0.5973,0.7147,0.8394,layer_21,last
step1900000-tokens8912B,Italian,xcopa,xcopa_it,0.744,0,0.5,686.4958,95.3183,0.686745,0.0739,0.1871,0.2443,0.3213,0.3878,0.466,0.5962,0.7137,0.8387,layer_21,last
step1950000-tokens9332B,Italian,xcopa,xcopa_it,0.766,0,0.5,675.0413,93.0063,0.684875,0.0732,0.1914,0.2492,0.3254,0.3913,0.4689,0.5982,0.7149,0.8392,layer_21,last
step2000000-tokens9752B,Italian,xcopa,xcopa_it,0.784,0,0.5,691.7943,100.4829,0.688355,0.0698,0.1835,0.2402,0.3197,0.3881,0.4673,0.5977,0.7151,0.8397,layer_21,last
step2050000-tokens10172B,Italian,xcopa,xcopa_it,0.766,0,0.5,692.8821,100.5363,0.688307,0.0702,0.181,0.2396,0.3204,0.3876,0.4664,0.5972,0.7149,0.8397,layer_21,last
step2100000-tokens10592B,Italian,xcopa,xcopa_it,0.766,0,0.5,683.3974,99.7645,0.686103,0.0672,0.1858,0.2444,0.3233,0.3912,0.4699,0.5994,0.716,0.8399,layer_21,last
step2150000-tokens11012B,Italian,xcopa,xcopa_it,0.77,0,0.5,683.6508,98.4,0.690403,0.0694,0.1866,0.2439,0.3222,0.389,0.4678,0.5985,0.7162,0.8407,layer_21,last
step2200000-tokens11432B,Italian,xcopa,xcopa_it,0.774,0,0.5,666.6895,95.9248,0.68899,0.0684,0.1911,0.2486,0.3283,0.3957,0.4737,0.6029,0.7192,0.8421,layer_21,last
step2250000-tokens11852B,Italian,xcopa,xcopa_it,0.778,0,0.5,680.0282,95.1761,0.687062,0.0718,0.1897,0.2465,0.3234,0.3901,0.4681,0.5979,0.715,0.8395,layer_21,last
step2300000-tokens12272B,Italian,xcopa,xcopa_it,0.762,0,0.5,659.3665,89.839,0.688594,0.0743,0.1951,0.2522,0.3285,0.3953,0.4734,0.6027,0.719,0.842,layer_21,last
step2350000-tokens12692B,Italian,xcopa,xcopa_it,0.756,0,0.5,694.3657,97.3781,0.687296,0.0738,0.1841,0.2404,0.3174,0.3849,0.4643,0.5961,0.7141,0.8392,layer_21,last
step2400000-tokens13112B,Italian,xcopa,xcopa_it,0.756,0,0.5,687.1485,96.7775,0.685077,0.0727,0.1861,0.2434,0.3206,0.3882,0.4672,0.5977,0.7149,0.8392,layer_21,last
step2450000-tokens13532B,Italian,xcopa,xcopa_it,0.752,0,0.5,649.4946,86.2435,0.686708,0.0759,0.1969,0.2512,0.3293,0.3984,0.4773,0.6063,0.7216,0.8431,layer_21,last
step2500000-tokens13952B,Italian,xcopa,xcopa_it,0.762,0,0.5,654.5814,87.3333,0.686253,0.0773,0.1954,0.2492,0.3278,0.3969,0.4763,0.6057,0.721,0.8427,layer_21,last
step2550000-tokens14372B,Italian,xcopa,xcopa_it,0.762,0,0.5,651.7218,87.9014,0.688322,0.0764,0.1943,0.2486,0.3286,0.3983,0.4779,0.6074,0.7225,0.8439,layer_21,last
step2600000-tokens14792B,Italian,xcopa,xcopa_it,0.766,0,0.5,629.3665,82.9404,0.689652,0.0784,0.2012,0.2557,0.3356,0.405,0.484,0.6121,0.7261,0.846,layer_21,last
step2627139-tokens15T,Italian,xcopa,xcopa_it,0.774,0,0.5,632.0663,84.3863,0.690714,0.0767,0.2001,0.2542,0.3343,0.4039,0.4835,0.6124,0.7265,0.8463,layer_21,last
step50000-tokens210B,Turkish,xcopa,xcopa_tr,0.618,0,0.5,442.5279,42.1017,0.709184,0.1309,0.2537,0.3069,0.3905,0.4632,0.542,0.6603,0.7615,0.8665,layer_21,last
step100000-tokens420B,Turkish,xcopa,xcopa_tr,0.622,0,0.5,291.6555,26.6569,0.729887,0.1608,0.332,0.3879,0.4635,0.5285,0.5996,0.7064,0.7964,0.888,layer_21,last
step150000-tokens630B,Turkish,xcopa,xcopa_tr,0.658,0,0.5,241.5908,21.9047,0.737052,0.1776,0.3669,0.4224,0.4933,0.5553,0.6228,0.7242,0.8095,0.8959,layer_21,last
step200000-tokens840B,Turkish,xcopa,xcopa_tr,0.652,0,0.5,268.3294,24.1316,0.738246,0.1707,0.3468,0.4031,0.4762,0.539,0.6086,0.7136,0.8023,0.8922,layer_21,last
step250000-tokens1050B,Turkish,xcopa,xcopa_tr,0.66,0,0.5,300.9971,29.4727,0.744184,0.1454,0.3257,0.3841,0.4601,0.5247,0.5963,0.7049,0.7969,0.8898,layer_21,last
step300000-tokens1260B,Turkish,xcopa,xcopa_tr,0.662,0,0.5,336.1447,34.3399,0.747731,0.1345,0.3041,0.3647,0.4418,0.508,0.5822,0.695,0.7904,0.8867,layer_21,last
step350000-tokens1470B,Turkish,xcopa,xcopa_tr,0.662,0,0.5,358.6712,36.4865,0.746927,0.1347,0.2904,0.3515,0.4303,0.4975,0.5727,0.688,0.7855,0.8841,layer_21,last
step400000-tokens1680B,Turkish,xcopa,xcopa_tr,0.664,0,0.5,404.2812,42.0281,0.747932,0.1251,0.2661,0.3267,0.4067,0.4764,0.5547,0.6746,0.7765,0.8795,layer_21,last
step450000-tokens1890B,Turkish,xcopa,xcopa_tr,0.646,0,0.5,421.7358,46.0602,0.749073,0.1166,0.2594,0.3182,0.3993,0.4702,0.5497,0.671,0.7741,0.8784,layer_21,last
step500000-tokens2100B,Turkish,xcopa,xcopa_tr,0.666,0,0.5,442.2772,48.5917,0.749796,0.1123,0.2523,0.3104,0.3901,0.4598,0.5403,0.6638,0.7691,0.8759,layer_21,last
step550000-tokens2310B,Turkish,xcopa,xcopa_tr,0.67,0,0.5,444.2482,49.9156,0.751334,0.1111,0.2493,0.3087,0.3895,0.4608,0.5415,0.6651,0.7705,0.8768,layer_21,last
step600000-tokens2520B,Turkish,xcopa,xcopa_tr,0.658,0,0.5,461.1424,50.0583,0.749669,0.1165,0.2424,0.3008,0.382,0.453,0.534,0.6587,0.7656,0.8741,layer_21,last
step650000-tokens2730B,Turkish,xcopa,xcopa_tr,0.658,0,0.5,460.7099,51.3423,0.748481,0.1133,0.2423,0.3008,0.3828,0.4547,0.536,0.6606,0.7669,0.8746,layer_21,last
step700000-tokens2940B,Turkish,xcopa,xcopa_tr,0.66,0,0.5,451.569,51.1507,0.752351,0.1114,0.2476,0.3056,0.3866,0.4577,0.5391,0.6634,0.7693,0.8763,layer_21,last
step750000-tokens3150B,Turkish,xcopa,xcopa_tr,0.658,0,0.5,467.9106,52.0344,0.75154,0.1127,0.2396,0.2971,0.3785,0.45,0.5321,0.6582,0.7657,0.8745,layer_21,last
step800000-tokens3360B,Turkish,xcopa,xcopa_tr,0.664,0,0.5,458.5837,50.3311,0.750391,0.1155,0.244,0.301,0.3823,0.4536,0.5354,0.6606,0.7675,0.8753,layer_21,last
step850000-tokens3570B,Turkish,xcopa,xcopa_tr,0.686,0,0.5,474.9679,53.4028,0.754829,0.1119,0.2362,0.293,0.3742,0.4474,0.5301,0.6571,0.7655,0.8747,layer_21,last
step900000-tokens3780B,Turkish,xcopa,xcopa_tr,0.664,0,0.5,468.321,50.3101,0.756003,0.1183,0.2399,0.2938,0.376,0.4484,0.5305,0.6571,0.7656,0.8749,layer_21,last
step950000-tokens3990B,Turkish,xcopa,xcopa_tr,0.654,0,0.5,467.3031,50.9626,0.752188,0.1163,0.2394,0.296,0.3784,0.4499,0.5319,0.6579,0.7656,0.8745,layer_21,last
step1000000-tokens4200B,Turkish,xcopa,xcopa_tr,0.678,0,0.5,469.7294,52.587,0.753987,0.1122,0.2407,0.2957,0.3772,0.4494,0.5315,0.6577,0.7657,0.8747,layer_21,last
step1194000-tokens5014B,Turkish,xcopa,xcopa_tr,0.65,0,0.5,464.0667,52.4415,0.75344,0.111,0.2424,0.3002,0.3804,0.4519,0.5337,0.6596,0.7671,0.8755,layer_21,last
step1432000-tokens6014B,Turkish,xcopa,xcopa_tr,0.682,0,0.5,469.5077,52.1867,0.753912,0.1141,0.2388,0.2957,0.3779,0.4497,0.5318,0.658,0.766,0.8749,layer_21,last
step1670000-tokens7014B,Turkish,xcopa,xcopa_tr,0.694,0,0.5,480.3336,55.3999,0.755202,0.1092,0.2321,0.2911,0.3744,0.4467,0.5288,0.6561,0.7653,0.8749,layer_21,last
step1678000-tokens7047B,Turkish,xcopa,xcopa_tr,0.686,0,0.5,438.1823,47.3338,0.756233,0.1204,0.2499,0.3086,0.3907,0.462,0.5426,0.6667,0.7725,0.8787,layer_21,last
step1700000-tokens7232B,Turkish,xcopa,xcopa_tr,0.676,0,0.5,457.5852,50.945,0.760129,0.1176,0.2379,0.2986,0.3826,0.4549,0.5377,0.6637,0.7708,0.8782,layer_21,last
step1750000-tokens7652B,Turkish,xcopa,xcopa_tr,0.68,0,0.5,461.206,51.5538,0.758987,0.1153,0.2384,0.298,0.3809,0.4528,0.535,0.6618,0.7695,0.8774,layer_21,last
step1800000-tokens8072B,Turkish,xcopa,xcopa_tr,0.666,0,0.5,441.2519,48.8726,0.759926,0.1195,0.2456,0.308,0.3899,0.4613,0.5435,0.6679,0.7736,0.8796,layer_21,last
step1850000-tokens8492B,Turkish,xcopa,xcopa_tr,0.7,0,0.5,460.7869,52.9359,0.76182,0.1139,0.2357,0.2973,0.3818,0.4544,0.5377,0.6643,0.7716,0.8787,layer_21,last
step1900000-tokens8912B,Turkish,xcopa,xcopa_tr,0.69,0,0.5,439.4497,47.009,0.761558,0.1232,0.2481,0.3072,0.3889,0.4602,0.5418,0.6668,0.7731,0.8795,layer_21,last
step1950000-tokens9332B,Turkish,xcopa,xcopa_tr,0.672,0,0.5,449.3368,51.7972,0.758176,0.1132,0.2424,0.3053,0.3883,0.4599,0.5417,0.6665,0.7727,0.879,layer_21,last
step2000000-tokens9752B,Turkish,xcopa,xcopa_tr,0.68,0,0.5,473.2836,57.4366,0.760325,0.1052,0.2316,0.2938,0.3777,0.4508,0.534,0.6619,0.77,0.8779,layer_21,last
step2050000-tokens10172B,Turkish,xcopa,xcopa_tr,0.696,0,0.5,457.8641,53.6484,0.763478,0.1114,0.236,0.2987,0.3832,0.4565,0.5393,0.6657,0.7729,0.8797,layer_21,last
step2100000-tokens10592B,Turkish,xcopa,xcopa_tr,0.688,0,0.5,469.9599,59.1786,0.760458,0.102,0.2296,0.2967,0.381,0.4542,0.538,0.6646,0.7717,0.8786,layer_21,last
step2150000-tokens11012B,Turkish,xcopa,xcopa_tr,0.684,0,0.5,467.0104,54.7951,0.765737,0.1115,0.2312,0.2932,0.3784,0.4521,0.5358,0.6637,0.7721,0.8797,layer_21,last
step2200000-tokens11432B,Turkish,xcopa,xcopa_tr,0.698,0,0.5,454.1494,55.6999,0.763311,0.1067,0.2349,0.2996,0.3871,0.4609,0.5436,0.6694,0.7755,0.8811,layer_21,last
step2250000-tokens11852B,Turkish,xcopa,xcopa_tr,0.676,0,0.5,456.8499,52.7872,0.764616,0.1135,0.235,0.2968,0.3821,0.4568,0.5403,0.6665,0.7732,0.8799,layer_21,last
step2300000-tokens12272B,Turkish,xcopa,xcopa_tr,0.678,0,0.5,469.4299,54.7959,0.762675,0.1115,0.2317,0.2921,0.376,0.4501,0.5352,0.6636,0.7716,0.8789,layer_21,last
step2350000-tokens12692B,Turkish,xcopa,xcopa_tr,0.7,0,0.5,464.4978,53.5895,0.763425,0.1128,0.2346,0.2933,0.3776,0.4517,0.5364,0.6646,0.7722,0.8793,layer_21,last
step2400000-tokens13112B,Turkish,xcopa,xcopa_tr,0.684,0,0.5,450.2302,51.8028,0.762501,0.1149,0.239,0.3,0.385,0.4588,0.5427,0.669,0.7753,0.8808,layer_21,last
step2450000-tokens13532B,Turkish,xcopa,xcopa_tr,0.692,0,0.5,478.0344,59.6137,0.760603,0.1046,0.2222,0.2876,0.3748,0.45,0.5359,0.6654,0.773,0.8794,layer_21,last
step2500000-tokens13952B,Turkish,xcopa,xcopa_tr,0.702,0,0.5,476.9115,59.473,0.762352,0.1047,0.2225,0.2875,0.3754,0.4502,0.5364,0.6656,0.7732,0.8797,layer_21,last
step2550000-tokens14372B,Turkish,xcopa,xcopa_tr,0.702,0,0.5,481.708,62.7608,0.764862,0.0983,0.2203,0.2853,0.3735,0.4491,0.5355,0.6656,0.7738,0.8804,layer_21,last
step2600000-tokens14792B,Turkish,xcopa,xcopa_tr,0.696,0,0.5,469.2258,60.7368,0.764186,0.1003,0.2253,0.2903,0.3787,0.4544,0.5407,0.6698,0.7766,0.8818,layer_21,last
step2627139-tokens15T,Turkish,xcopa,xcopa_tr,0.694,0,0.5,479.9755,62.6859,0.766967,0.099,0.2198,0.2835,0.3732,0.45,0.537,0.6673,0.7753,0.8813,layer_21,last
step50000-tokens210B,Vietnamese,xcopa,xcopa_vi,0.692,0,0.5,97.0368,8.828,0.98145,0.3198,0.4933,0.5473,0.615,0.6647,0.7169,0.7988,0.8714,0.9425,layer_21,last
step100000-tokens420B,Vietnamese,xcopa,xcopa_vi,0.72,0,0.5,76.0817,8.8274,1.026934,0.3112,0.5353,0.5989,0.6624,0.7077,0.7554,0.8291,0.8929,0.9536,layer_21,last
step150000-tokens630B,Vietnamese,xcopa,xcopa_vi,0.73,0,0.5,74.5806,9.3918,1.03413,0.2935,0.5409,0.6042,0.6697,0.7157,0.7629,0.8351,0.8971,0.9557,layer_21,last
step200000-tokens840B,Vietnamese,xcopa,xcopa_vi,0.766,0,0.5,89.3536,10.8532,1.037212,0.2683,0.5132,0.5753,0.6449,0.6932,0.7438,0.8218,0.8891,0.9524,layer_21,last
step250000-tokens1050B,Vietnamese,xcopa,xcopa_vi,0.742,0,0.5,81.6829,9.3951,1.055368,0.3004,0.5219,0.5857,0.6528,0.6997,0.7494,0.8264,0.8926,0.9546,layer_21,last
step300000-tokens1260B,Vietnamese,xcopa,xcopa_vi,0.74,0,0.5,96.4573,11.3142,1.078245,0.2639,0.5029,0.5619,0.6299,0.6793,0.7324,0.8155,0.8867,0.9528,layer_21,last
step350000-tokens1470B,Vietnamese,xcopa,xcopa_vi,0.744,0,0.5,89.1005,9.9294,1.072452,0.2906,0.5083,0.5689,0.6373,0.6866,0.7386,0.8199,0.8894,0.9538,layer_21,last
step400000-tokens1680B,Vietnamese,xcopa,xcopa_vi,0.742,0,0.5,116.6052,12.5524,1.081698,0.2528,0.4674,0.5263,0.5974,0.6504,0.7086,0.7993,0.8769,0.9489,layer_21,last
step450000-tokens1890B,Vietnamese,xcopa,xcopa_vi,0.73,0,0.5,108.6436,11.5756,1.05933,0.267,0.4742,0.5376,0.6092,0.6602,0.7166,0.8045,0.8796,0.9494,layer_21,last
step500000-tokens2100B,Vietnamese,xcopa,xcopa_vi,0.746,0,0.5,128.867,13.2571,1.079444,0.2492,0.4497,0.5084,0.5795,0.6344,0.6954,0.7905,0.8717,0.9469,layer_21,last
step550000-tokens2310B,Vietnamese,xcopa,xcopa_vi,0.76,0,0.5,121.5405,12.4369,1.091096,0.2597,0.4549,0.5161,0.5889,0.6423,0.7019,0.7956,0.8754,0.9487,layer_21,last
step600000-tokens2520B,Vietnamese,xcopa,xcopa_vi,0.766,0,0.5,107.2124,10.7472,1.077903,0.2849,0.4714,0.5343,0.6056,0.6578,0.7153,0.8048,0.8804,0.9503,layer_21,last
step650000-tokens2730B,Vietnamese,xcopa,xcopa_vi,0.732,0,0.5,112.2586,11.2453,1.084026,0.2759,0.466,0.5243,0.5986,0.6519,0.7101,0.8009,0.8781,0.9496,layer_21,last
step700000-tokens2940B,Vietnamese,xcopa,xcopa_vi,0.756,0,0.5,110.1964,11.3806,1.091166,0.2707,0.4747,0.5312,0.6015,0.6532,0.711,0.8018,0.8791,0.9503,layer_21,last
step750000-tokens3150B,Vietnamese,xcopa,xcopa_vi,0.746,0,0.5,124.1038,13.1642,1.072304,0.2492,0.4462,0.516,0.5902,0.644,0.7036,0.7967,0.8756,0.9484,layer_21,last
step800000-tokens3360B,Vietnamese,xcopa,xcopa_vi,0.752,0,0.5,98.5568,10.2517,1.091964,0.2879,0.4892,0.5489,0.6164,0.6663,0.7225,0.8101,0.8843,0.9525,layer_21,last
step850000-tokens3570B,Vietnamese,xcopa,xcopa_vi,0.744,0,0.5,107.4972,10.8057,1.10154,0.2802,0.4762,0.5308,0.6003,0.6531,0.7119,0.8035,0.8807,0.9512,layer_21,last
step900000-tokens3780B,Vietnamese,xcopa,xcopa_vi,0.748,0,0.5,107.0546,10.5526,1.097658,0.2869,0.4739,0.5316,0.6015,0.6535,0.7122,0.8036,0.8806,0.9511,layer_21,last
step950000-tokens3990B,Vietnamese,xcopa,xcopa_vi,0.746,0,0.5,111.4981,11.063,1.100346,0.2779,0.4643,0.5248,0.5962,0.6496,0.7093,0.8013,0.879,0.9503,layer_21,last
step1000000-tokens4200B,Vietnamese,xcopa,xcopa_vi,0.72,0,0.5,100.8829,10.2933,1.106666,0.288,0.4881,0.5419,0.61,0.662,0.7193,0.8084,0.8837,0.9526,layer_21,last
step1194000-tokens5014B,Vietnamese,xcopa,xcopa_vi,0.738,0,0.5,105.5975,10.2344,1.12115,0.2918,0.473,0.5298,0.6003,0.6525,0.7112,0.8028,0.8805,0.9515,layer_21,last
step1432000-tokens6014B,Vietnamese,xcopa,xcopa_vi,0.756,0,0.5,84.3223,8.577,1.094689,0.3238,0.5098,0.5674,0.6361,0.685,0.7387,0.8221,0.8918,0.9556,layer_21,last
step1670000-tokens7014B,Vietnamese,xcopa,xcopa_vi,0.724,0,0.5,119.8922,12.1867,1.086394,0.264,0.4538,0.5129,0.5902,0.6455,0.7065,0.7999,0.8783,0.9499,layer_21,last
step1678000-tokens7047B,Vietnamese,xcopa,xcopa_vi,0.766,0,0.5,101.9009,9.9286,1.099614,0.298,0.477,0.5333,0.6067,0.6599,0.7184,0.8081,0.8835,0.9522,layer_21,last
step1700000-tokens7232B,Vietnamese,xcopa,xcopa_vi,0.742,0,0.5,93.7323,9.0864,1.115935,0.3135,0.4896,0.5446,0.6146,0.6665,0.7246,0.8139,0.8878,0.9544,layer_21,last
step1750000-tokens7652B,Vietnamese,xcopa,xcopa_vi,0.752,0,0.5,107.8774,10.574,1.106097,0.2871,0.468,0.5243,0.5982,0.6526,0.7129,0.8055,0.8824,0.9521,layer_21,last
step1800000-tokens8072B,Vietnamese,xcopa,xcopa_vi,0.766,0,0.5,110.4608,10.9234,1.120579,0.2813,0.4653,0.5218,0.5934,0.6492,0.7106,0.8044,0.8821,0.9524,layer_21,last
step1850000-tokens8492B,Vietnamese,xcopa,xcopa_vi,0.744,0,0.5,103.311,10.4508,1.098778,0.288,0.4754,0.5345,0.6077,0.6607,0.7196,0.81,0.8852,0.9531,layer_21,last
step1900000-tokens8912B,Vietnamese,xcopa,xcopa_vi,0.744,0,0.5,121.5971,12.4802,1.106743,0.2591,0.445,0.511,0.5867,0.6426,0.7046,0.8003,0.8797,0.9511,layer_21,last
step1950000-tokens9332B,Vietnamese,xcopa,xcopa_vi,0.754,0,0.5,99.6286,9.8315,1.104908,0.3005,0.4774,0.537,0.6101,0.6643,0.7235,0.8132,0.8872,0.9539,layer_21,last
step2000000-tokens9752B,Vietnamese,xcopa,xcopa_vi,0.746,0,0.5,117.2694,11.4934,1.118484,0.2743,0.4535,0.5096,0.5849,0.6431,0.706,0.802,0.8809,0.9517,layer_21,last
step2050000-tokens10172B,Vietnamese,xcopa,xcopa_vi,0.752,0,0.5,112.044,10.7649,1.118755,0.2856,0.4582,0.5146,0.5897,0.6464,0.709,0.8046,0.8827,0.9526,layer_21,last
step2100000-tokens10592B,Vietnamese,xcopa,xcopa_vi,0.754,0,0.5,120.5679,12.1782,1.107811,0.2635,0.4475,0.5081,0.5847,0.6427,0.7056,0.8017,0.8806,0.9514,layer_21,last
step2150000-tokens11012B,Vietnamese,xcopa,xcopa_vi,0.75,0,0.5,140.6072,14.0292,1.125975,0.2443,0.4183,0.4816,0.561,0.6207,0.6876,0.7901,0.8743,0.9495,layer_21,last
step2200000-tokens11432B,Vietnamese,xcopa,xcopa_vi,0.75,0,0.5,116.0567,11.3087,1.106461,0.2775,0.4543,0.5113,0.5871,0.6438,0.7069,0.8027,0.8813,0.9517,layer_21,last
step2250000-tokens11852B,Vietnamese,xcopa,xcopa_vi,0.752,0,0.5,115.6716,11.1761,1.129197,0.2797,0.4504,0.5115,0.5861,0.6433,0.7062,0.8022,0.8813,0.9522,layer_21,last
step2300000-tokens12272B,Vietnamese,xcopa,xcopa_vi,0.75,0,0.5,107.6915,10.6797,1.116921,0.285,0.4709,0.5257,0.5973,0.6521,0.7132,0.8068,0.8838,0.953,layer_21,last
step2350000-tokens12692B,Vietnamese,xcopa,xcopa_vi,0.758,0,0.5,117.6094,11.5499,1.126808,0.2734,0.4493,0.5084,0.5842,0.6421,0.7058,0.8025,0.8815,0.9523,layer_21,last
step2400000-tokens13112B,Vietnamese,xcopa,xcopa_vi,0.75,0,0.5,82.8557,8.4373,1.092179,0.3256,0.5054,0.5632,0.6342,0.687,0.7432,0.827,0.8953,0.9568,layer_21,last
step2450000-tokens13532B,Vietnamese,xcopa,xcopa_vi,0.756,0,0.5,101.5863,10.7736,1.060259,0.2825,0.4624,0.5271,0.6162,0.6765,0.7364,0.8223,0.8917,0.9543,layer_21,last
step2500000-tokens13952B,Vietnamese,xcopa,xcopa_vi,0.76,0,0.5,105.4657,11.6562,1.054884,0.2703,0.4524,0.5213,0.6163,0.6782,0.7389,0.8248,0.8932,0.9547,layer_21,last
step2550000-tokens14372B,Vietnamese,xcopa,xcopa_vi,0.74,0,0.5,112.5721,11.9339,1.06057,0.2686,0.4427,0.5099,0.6019,0.666,0.7294,0.8187,0.8897,0.9533,layer_21,last
step2600000-tokens14792B,Vietnamese,xcopa,xcopa_vi,0.76,0,0.5,107.7357,11.7933,1.053903,0.2689,0.4477,0.5163,0.6107,0.6749,0.7373,0.8245,0.8932,0.9546,layer_21,last
step2627139-tokens15T,Vietnamese,xcopa,xcopa_vi,0.76,0,0.5,118.2186,12.9283,1.0653,0.2548,0.433,0.5025,0.5961,0.6622,0.7272,0.8179,0.8894,0.9533,layer_21,last
